Workbook

Sheet res for paper
D5: FP
D6: P | E6: Optimisitc | H6: Pessimistic | K6: Lazy
E7: A | F7: FR | G7: Time | H7: A | I7: FR | J7: Time | K7: A | L7: FR | M7: Time
D8: d11 | E8: =IF(ISNUMBER(FIND("±", results!B8)), LEFT(results!B8, FIND("±", results!B8) - 1), results!B8) -> 93.00 | F8: =IF(ISNUMBER(FIND("±", results!C8)), LEFT(results!C8, FIND("±", results!C8) - 1), results!C8) -> 2.02 | G8: =IF(ISNUMBER(FIND("±", results!D8)), LEFT(results!D8, FIND("±", results!D8) - 1), results!D8) -> 1.03 | H8: =IF(ISNUMBER(FIND("±", results!E8)), LEFT(results!E8, FIND("±", results!E8) - 1), results!E8) -> 140.72 | I8: =IF(ISNUMBER(FIND("±", results!F8)), LEFT(results!F8, FIND("±", results!F8) - 1), results!F8) -> 0.00 | J8: =IF(ISNUMBER(FIND("±", results!G8)), LEFT(results!G8, FIND("±", results!G8) - 1), results!G8) -> 3.13 | K8: =IF(ISNUMBER(FIND("±", results!H8)), LEFT(results!H8, FIND("±", results!H8) - 1), results!H8) -> 73.96 | L8: =IF(ISNUMBER(FIND("±", results!I8)), LEFT(results!I8, FIND("±", results!I8) - 1), results!I8) -> 0.10 | M8: =IF(ISNUMBER(FIND("±", results!J8)), LEFT(results!J8, FIND("±", results!J8) - 1), results!J8) -> 0.77
D9: d13 | E9: =IF(ISNUMBER(FIND("±", results!B9)), LEFT(results!B9, FIND("±", results!B9) - 1), results!B9) -> 109.82 | F9: =IF(ISNUMBER(FIND("±", results!C9)), LEFT(results!C9, FIND("±", results!C9) - 1), results!C9) -> 3.16 | G9: =IF(ISNUMBER(FIND("±", results!D9)), LEFT(results!D9, FIND("±", results!D9) - 1), results!D9) -> 1.94 | H9: =IF(ISNUMBER(FIND("±", results!E9)), LEFT(results!E9, FIND("±", results!E9) - 1), results!E9) -> 151.78 | I9: =IF(ISNUMBER(FIND("±", results!F9)), LEFT(results!F9, FIND("±", results!F9) - 1), results!F9) -> 0.00 | J9: =IF(ISNUMBER(FIND("±", results!G9)), LEFT(results!G9, FIND("±", results!G9) - 1), results!G9) -> 5.41 | K9: =IF(ISNUMBER(FIND("±", results!H9)), LEFT(results!H9, FIND("±", results!H9) - 1), results!H9) -> 88.24 | L9: =IF(ISNUMBER(FIND("±", results!I9)), LEFT(results!I9, FIND("±", results!I9) - 1), results!I9) -> 0.32 | M9: =IF(ISNUMBER(FIND("±", results!J9)), LEFT(results!J9, FIND("±", results!J9) - 1), results!J9) -> 1.33
D10: d15 | E10: =IF(ISNUMBER(FIND("±", results!B10)), LEFT(results!B10, FIND("±", results!B10) - 1), results!B10) -> 175.70 | F10: =IF(ISNUMBER(FIND("±", results!C10)), LEFT(results!C10, FIND("±", results!C10) - 1), results!C10) -> 3.40 | G10: =IF(ISNUMBER(FIND("±", results!D10)), LEFT(results!D10, FIND("±", results!D10) - 1), results!D10) -> 4.01 | H10: =IF(ISNUMBER(FIND("±", results!E10)), LEFT(results!E10, FIND("±", results!E10) - 1), results!E10) -> 247.32 | I10: =IF(ISNUMBER(FIND("±", results!F10)), LEFT(results!F10, FIND("±", results!F10) - 1), results!F10) -> 0.00 | J10: =IF(ISNUMBER(FIND("±", results!G10)), LEFT(results!G10, FIND("±", results!G10) - 1), results!G10) -> 11.45 | K10: =IF(ISNUMBER(FIND("±", results!H10)), LEFT(results!H10, FIND("±", results!H10) - 1), results!H10) -> 141.32 | L10: =IF(ISNUMBER(FIND("±", results!I10)), LEFT(results!I10, FIND("±", results!I10) - 1), results!I10) -> 0.14 | M10: =IF(ISNUMBER(FIND("±", results!J10)), LEFT(results!J10, FIND("±", results!J10) - 1), results!J10) -> 2.71
D11: c9-3 | E11: =IF(ISNUMBER(FIND("±", results!B11)), LEFT(results!B11, FIND("±", results!B11) - 1), results!B11) -> 694.66 | F11: =IF(ISNUMBER(FIND("±", results!C11)), LEFT(results!C11, FIND("±", results!C11) - 1), results!C11) -> 3.64 | G11: =IF(ISNUMBER(FIND("±", results!D11)), LEFT(results!D11, FIND("±", results!D11) - 1), results!D11) -> 47.25 | H11: =IF(ISNUMBER(FIND("±", results!E11)), LEFT(results!E11, FIND("±", results!E11) - 1), results!E11) -> 784.64 | I11: =IF(ISNUMBER(FIND("±", results!F11)), LEFT(results!F11, FIND("±", results!F11) - 1), results!F11) -> 0.00 | J11: =IF(ISNUMBER(FIND("±", results!G11)), LEFT(results!G11, FIND("±", results!G11) - 1), results!G11) -> 57.78 | K11: =IF(ISNUMBER(FIND("±", results!H11)), LEFT(results!H11, FIND("±", results!H11) - 1), results!H11) -> 738.94 | L11: =IF(ISNUMBER(FIND("±", results!I11)), LEFT(results!I11, FIND("±", results!I11) - 1), results!I11) -> 0.88 | M11: =IF(ISNUMBER(FIND("±", results!J11)), LEFT(results!J11, FIND("±", results!J11) - 1), results!J11) -> 49.58
D12: c11-1 | E12: =IF(ISNUMBER(FIND("±", results!B12)), LEFT(results!B12, FIND("±", results!B12) - 1), results!B12) -> 468.30 | F12: =IF(ISNUMBER(FIND("±", results!C12)), LEFT(results!C12, FIND("±", results!C12) - 1), results!C12) -> 1.24 | G12: =IF(ISNUMBER(FIND("±", results!D12)), LEFT(results!D12, FIND("±", results!D12) - 1), results!D12) -> 67.14 | H12: =IF(ISNUMBER(FIND("±", results!E12)), LEFT(results!E12, FIND("±", results!E12) - 1), results!E12) -> 491.42 | I12: =IF(ISNUMBER(FIND("±", results!F12)), LEFT(results!F12, FIND("±", results!F12) - 1), results!F12) -> 0.00 | J12: =IF(ISNUMBER(FIND("±", results!G12)), LEFT(results!G12, FIND("±", results!G12) - 1), results!G12) -> 79.38 | K12: =IF(ISNUMBER(FIND("±", results!H12)), LEFT(results!H12, FIND("±", results!H12) - 1), results!H12) -> 464.86 | L12: =IF(ISNUMBER(FIND("±", results!I12)), LEFT(results!I12, FIND("±", results!I12) - 1), results!I12) -> 0.44 | M12: =IF(ISNUMBER(FIND("±", results!J12)), LEFT(results!J12, FIND("±", results!J12) - 1), results!J12) -> 65.27
D13: c11-2 | E13: =IF(ISNUMBER(FIND("±", results!B13)), LEFT(results!B13, FIND("±", results!B13) - 1), results!B13) -> 888.42 | F13: =IF(ISNUMBER(FIND("±", results!C13)), LEFT(results!C13, FIND("±", results!C13) - 1), results!C13) -> 2.48 | G13: =IF(ISNUMBER(FIND("±", results!D13)), LEFT(results!D13, FIND("±", results!D13) - 1), results!D13) -> 149.29 | H13: =IF(ISNUMBER(FIND("±", results!E13)), LEFT(results!E13, FIND("±", results!E13) - 1), results!E13) -> 936.42 | I13: =IF(ISNUMBER(FIND("±", results!F13)), LEFT(results!F13, FIND("±", results!F13) - 1), results!F13) -> 0.00 | J13: =IF(ISNUMBER(FIND("±", results!G13)), LEFT(results!G13, FIND("±", results!G13) - 1), results!G13) -> 160.43 | K13: =IF(ISNUMBER(FIND("±", results!H13)), LEFT(results!H13, FIND("±", results!H13) - 1), results!H13) -> 956.64 | L13: =IF(ISNUMBER(FIND("±", results!I13)), LEFT(results!I13, FIND("±", results!I13) - 1), results!I13) -> 0.52 | M13: =IF(ISNUMBER(FIND("±", results!J13)), LEFT(results!J13, FIND("±", results!J13) - 1), results!J13) -> 157.74
D14: clog | E14: =IF(ISNUMBER(FIND("±", results!B13)), LEFT(results!B13, FIND("±", results!B13) - 1), results!B13) -> 888.42 | F14: =IF(ISNUMBER(FIND("±", results!C13)), LEFT(results!C13, FIND("±", results!C13) - 1), results!C13) -> 2.48 | G14: =IF(ISNUMBER(FIND("±", results!D13)), LEFT(results!D13, FIND("±", results!D13) - 1), results!D13) -> 149.29 | H14: =IF(ISNUMBER(FIND("±", results!E13)), LEFT(results!E13, FIND("±", results!E13) - 1), results!E13) -> 936.42 | I14: =IF(ISNUMBER(FIND("±", results!F13)), LEFT(results!F13, FIND("±", results!F13) - 1), results!F13) -> 0.00 | J14: =IF(ISNUMBER(FIND("±", results!G13)), LEFT(results!G13, FIND("±", results!G13) - 1), results!G13) -> 160.43 | K14: =IF(ISNUMBER(FIND("±", results!H13)), LEFT(results!H13, FIND("±", results!H13) - 1), results!H13) -> 956.64 | L14: =IF(ISNUMBER(FIND("±", results!I13)), LEFT(results!I13, FIND("±", results!I13) - 1), results!I13) -> 0.52 | M14: =IF(ISNUMBER(FIND("±", results!J13)), LEFT(results!J13, FIND("±", results!J13) - 1), results!J13) -> 157.74
D15: clog2 | E15: =IF(ISNUMBER(FIND("±", results!B15)), LEFT(results!B15, FIND("±", results!B15) - 1), results!B15) -> 0 | F15: =IF(ISNUMBER(FIND("±", results!C15)), LEFT(results!C15, FIND("±", results!C15) - 1), results!C15) -> 0 | G15: =IF(ISNUMBER(FIND("±", results!D15)), LEFT(results!D15, FIND("±", results!D15) - 1), results!D15) -> 0 | H15: =IF(ISNUMBER(FIND("±", results!E15)), LEFT(results!E15, FIND("±", results!E15) - 1), results!E15) -> 0 | I15: =IF(ISNUMBER(FIND("±", results!F15)), LEFT(results!F15, FIND("±", results!F15) - 1), results!F15) -> 0 | J15: =IF(ISNUMBER(FIND("±", results!G15)), LEFT(results!G15, FIND("±", results!G15) - 1), results!G15) -> 0 | K15: =IF(ISNUMBER(FIND("±", results!H15)), LEFT(results!H15, FIND("±", results!H15) - 1), results!H15) -> 0 | L15: =IF(ISNUMBER(FIND("±", results!I15)), LEFT(results!I15, FIND("±", results!I15) - 1), results!I15) -> 0 | M15: =IF(ISNUMBER(FIND("±", results!J15)), LEFT(results!J15, FIND("±", results!J15) - 1), results!J15) -> 0
D16: b7 | E16: =IF(ISNUMBER(FIND("±", results!B16)), LEFT(results!B16, FIND("±", results!B16) - 1), results!B16) -> 27.17 | F16: =IF(ISNUMBER(FIND("±", results!C16)), LEFT(results!C16, FIND("±", results!C16) - 1), results!C16) -> 11.42 | G16: =IF(ISNUMBER(FIND("±", results!D16)), LEFT(results!D16, FIND("±", results!D16) - 1), results!D16) -> 0.35 | H16: =IF(ISNUMBER(FIND("±", results!E16)), LEFT(results!E16, FIND("±", results!E16) - 1), results!E16) -> 23.54 | I16: =IF(ISNUMBER(FIND("±", results!F16)), LEFT(results!F16, FIND("±", results!F16) - 1), results!F16) -> 0.00 | J16: =IF(ISNUMBER(FIND("±", results!G16)), LEFT(results!G16, FIND("±", results!G16) - 1), results!G16) -> 0.35 | K16: =IF(ISNUMBER(FIND("±", results!H16)), LEFT(results!H16, FIND("±", results!H16) - 1), results!H16) -> 13.33 | L16: =IF(ISNUMBER(FIND("±", results!I16)), LEFT(results!I16, FIND("±", results!I16) - 1), results!I16) -> 2.88 | M16: =IF(ISNUMBER(FIND("±", results!J16)), LEFT(results!J16, FIND("±", results!J16) - 1), results!J16) -> 0.16
D17: b15
D18: u2 | E18: =IF(ISNUMBER(FIND("±", results!B18)), LEFT(results!B18, FIND("±", results!B18) - 1), results!B18) -> 184.12 | F18: =IF(ISNUMBER(FIND("±", results!C18)), LEFT(results!C18, FIND("±", results!C18) - 1), results!C18) -> 148.52 | G18: =IF(ISNUMBER(FIND("±", results!D18)), LEFT(results!D18, FIND("±", results!D18) - 1), results!D18) -> 3.46 | H18: =IF(ISNUMBER(FIND("±", results!E18)), LEFT(results!E18, FIND("±", results!E18) - 1), results!E18) -> 193.92 | I18: =IF(ISNUMBER(FIND("±", results!F18)), LEFT(results!F18, FIND("±", results!F18) - 1), results!F18) -> 0.00 | J18: =IF(ISNUMBER(FIND("±", results!G18)), LEFT(results!G18, FIND("±", results!G18) - 1), results!G18) -> 5.72 | K18: =IF(ISNUMBER(FIND("±", results!H18)), LEFT(results!H18, FIND("±", results!H18) - 1), results!H18) -> 61.66 | L18: =IF(ISNUMBER(FIND("±", results!I18)), LEFT(results!I18, FIND("±", results!I18) - 1), results!I18) -> 28.62 | M18: =IF(ISNUMBER(FIND("±", results!J18)), LEFT(results!J18, FIND("±", results!J18) - 1), results!J18) -> 0.51
D19: u3 | E19: =IF(ISNUMBER(FIND("±", results!B19)), LEFT(results!B19, FIND("±", results!B19) - 1), results!B19) -> 675.10 | F19: =IF(ISNUMBER(FIND("±", results!C19)), LEFT(results!C19, FIND("±", results!C19) - 1), results!C19) -> 604.26 | G19: =IF(ISNUMBER(FIND("±", results!D19)), LEFT(results!D19, FIND("±", results!D19) - 1), results!D19) -> 126.98 | H19: =IF(ISNUMBER(FIND("±", results!E19)), LEFT(results!E19, FIND("±", results!E19) - 1), results!E19) -> 634.76 | I19: =IF(ISNUMBER(FIND("±", results!F19)), LEFT(results!F19, FIND("±", results!F19) - 1), results!F19) -> 0.00 | J19: =IF(ISNUMBER(FIND("±", results!G19)), LEFT(results!G19, FIND("±", results!G19) - 1), results!G19) -> 194.14 | K19: =IF(ISNUMBER(FIND("±", results!H19)), LEFT(results!H19, FIND("±", results!H19) - 1), results!H19) -> 193.46 | L19: =IF(ISNUMBER(FIND("±", results!I19)), LEFT(results!I19, FIND("±", results!I19) - 1), results!I19) -> 118.76 | M19: =IF(ISNUMBER(FIND("±", results!J19)), LEFT(results!J19, FIND("±", results!J19) - 1), results!J19) -> 10.51
D20: w10 | E20: =IF(ISNUMBER(FIND("±", results!B20)), LEFT(results!B20, FIND("±", results!B20) - 1), results!B20) -> 111.70 | F20: =IF(ISNUMBER(FIND("±", results!C20)), LEFT(results!C20, FIND("±", results!C20) - 1), results!C20) -> 44.76 | G20: =IF(ISNUMBER(FIND("±", results!D20)), LEFT(results!D20, FIND("±", results!D20) - 1), results!D20) -> 4.24 | H20: =IF(ISNUMBER(FIND("±", results!E20)), LEFT(results!E20, FIND("±", results!E20) - 1), results!E20) -> 112.70 | I20: =IF(ISNUMBER(FIND("±", results!F20)), LEFT(results!F20, FIND("±", results!F20) - 1), results!F20) -> 0.00 | J20: =IF(ISNUMBER(FIND("±", results!G20)), LEFT(results!G20, FIND("±", results!G20) - 1), results!G20) -> 4.51 | K20: =IF(ISNUMBER(FIND("±", results!H20)), LEFT(results!H20, FIND("±", results!H20) - 1), results!H20) -> 96.44 | L20: =IF(ISNUMBER(FIND("±", results!I20)), LEFT(results!I20, FIND("±", results!I20) - 1), results!I20) -> 16.28 | M20: =IF(ISNUMBER(FIND("±", results!J20)), LEFT(results!J20, FIND("±", results!J20) - 1), results!J20) -> 1.79
D21: w15 | E21: =IF(ISNUMBER(FIND("±", results!B21)), LEFT(results!B21, FIND("±", results!B21) - 1), results!B21) -> 144.54 | F21: =IF(ISNUMBER(FIND("±", results!C21)), LEFT(results!C21, FIND("±", results!C21) - 1), results!C21) -> 62.50 | G21: =IF(ISNUMBER(FIND("±", results!D21)), LEFT(results!D21, FIND("±", results!D21) - 1), results!D21) -> 20.34 | H21: =IF(ISNUMBER(FIND("±", results!E21)), LEFT(results!E21, FIND("±", results!E21) - 1), results!E21) -> 145.54 | I21: =IF(ISNUMBER(FIND("±", results!F21)), LEFT(results!F21, FIND("±", results!F21) - 1), results!F21) -> 0.00 | J21: =IF(ISNUMBER(FIND("±", results!G21)), LEFT(results!G21, FIND("±", results!G21) - 1), results!G21) -> 23.43 | K21: =IF(ISNUMBER(FIND("±", results!H21)), LEFT(results!H21, FIND("±", results!H21) - 1), results!H21) -> 171.86 | L21: =IF(ISNUMBER(FIND("±", results!I21)), LEFT(results!I21, FIND("±", results!I21) - 1), results!I21) -> 35.50 | M21: =IF(ISNUMBER(FIND("±", results!J21)), LEFT(results!J21, FIND("±", results!J21) - 1), results!J21) -> 12.49
D25: FN | V25: FN
D26: P | E26: Optimisitc | I26: Pessimistic | M26: Lazy | Q26: MakeTrue | V26: P | W26: Optimisitc | AA26: Pessimistic | AE26: Lazy | AI26: MakeTrue
E27: Actions | F27: F-R | G27: Time | H27: SR | I27: Actions | J27: F-R | K27: Time | L27: SR | M27: Actions | N27: F-R | O27: Time | P27: SR | Q27: Actions | R27: F-R | S27: Time | T27: SR | W27: Actions | X27: F-R | Y27: Time | Z27: SR | AA27: Actions | AB27: F-R | AC27: Time | AD27: SR | AE27: Actions | AF27: F-R | AG27: Time | AH27: SR | AI27: Actions | AJ27: F-R | AK27: Time | AL27: SR
D28: d1 | E28: =IF(ISNUMBER(FIND("±", results!B28)), LEFT(results!B28, FIND("±", results!B28) - 1), results!B28) -> 94.34 | F28: =IF(ISNUMBER(FIND("±", results!C28)), LEFT(results!C28, FIND("±", results!C28) - 1), results!C28) -> 2.08 | G28: =IF(ISNUMBER(FIND("±", results!D28)), LEFT(results!D28, FIND("±", results!D28) - 1), results!D28) -> 0.77 | H28: =IF(ISNUMBER(FIND("±", results!E28)), LEFT(results!E28, FIND("±", results!E28) - 1), results!E28) -> 1 | I28: =IF(ISNUMBER(FIND("±", results!F28)), LEFT(results!F28, FIND("±", results!F28) - 1), results!F28) -> 136.28 | J28: =IF(ISNUMBER(FIND("±", results!G28)), LEFT(results!G28, FIND("±", results!G28) - 1), results!G28) -> 0.00 | K28: =IF(ISNUMBER(FIND("±", results!H28)), LEFT(results!H28, FIND("±", results!H28) - 1), results!H28) -> 2.20 | L28: =IF(ISNUMBER(FIND("±", results!I28)), LEFT(results!I28, FIND("±", results!I28) - 1), results!I28) -> 1 | ... T28: =IF(ISNUMBER(FIND("±", results!Q28)), LEFT(results!Q28, FIND("±", results!Q28) - 1), results!Q28) -> 1 | V28: d1 | W28: =IF(ISNUMBER(FIND("±", results!T28)), LEFT(results!T28, FIND("±", results!T28) - 1), results!T28) -> 88.27 | X28: =IF(ISNUMBER(FIND("±", results!U28)), LEFT(results!U28, FIND("±", results!U28) - 1), results!U28) -> 1.96 | Y28: =IF(ISNUMBER(FIND("±", results!V28)), LEFT(results!V28, FIND("±", results!V28) - 1), results!V28) -> 0.96 | Z28: =IF(ISNUMBER(FIND("±", results!W28)), LEFT(results!W28, FIND("±", results!W28) - 1), results!W28) -> 1 | AA28: =IF(ISNUMBER(FIND("±", results!X28)), LEFT(results!X28, FIND("±", results!X28) - 1), results!X28) -> 136.12 | AB28: =IF(ISNUMBER(FIND("±", results!Y28)), LEFT(results!Y28, FIND("±", results!Y28) - 1), results!Y28) -> 0.00 | AC28: =IF(ISNUMBER(FIND("±", results!Z28)), LEFT(results!Z28, FIND("±", results!Z28) - 1), results!Z28) -> 3.05 | AD28: =IF(ISNUMBER(FIND("±", results!AA28)), LEFT(results!AA28, FIND("±", results!AA28) - 1), results!AA28) -> 1 | ... AL28: =IF(ISNUMBER(FIND("±", results!AI28)), LEFT(results!AI28, FIND("±", results!AI28) - 1), results!AI28) -> 1
D29: d2 | E29: =IF(ISNUMBER(FIND("±", results!B29)), LEFT(results!B29, FIND("±", results!B29) - 1), results!B29) -> 107.81 | F29: =IF(ISNUMBER(FIND("±", results!C29)), LEFT(results!C29, FIND("±", results!C29) - 1), results!C29) -> 3.08 | G29: =IF(ISNUMBER(FIND("±", results!D29)), LEFT(results!D29, FIND("±", results!D29) - 1), results!D29) -> 1.41 | H29: =IF(ISNUMBER(FIND("±", results!E29)), LEFT(results!E29, FIND("±", results!E29) - 1), results!E29) -> 1 | I29: =IF(ISNUMBER(FIND("±", results!F29)), LEFT(results!F29, FIND("±", results!F29) - 1), results!F29) -> 144.46 | J29: =IF(ISNUMBER(FIND("±", results!G29)), LEFT(results!G29, FIND("±", results!G29) - 1), results!G29) -> 0.00 | K29: =IF(ISNUMBER(FIND("±", results!H29)), LEFT(results!H29, FIND("±", results!H29) - 1), results!H29) -> 3.84 | L29: =IF(ISNUMBER(FIND("±", results!I29)), LEFT(results!I29, FIND("±", results!I29) - 1), results!I29) -> 1 | ... T29: =IF(ISNUMBER(FIND("±", results!Q29)), LEFT(results!Q29, FIND("±", results!Q29) - 1), results!Q29) -> 0.96 | V29: d2 | W29: =IF(ISNUMBER(FIND("±", results!T29)), LEFT(results!T29, FIND("±", results!T29) - 1), results!T29) -> 107.91 | X29: =IF(ISNUMBER(FIND("±", results!U29)), LEFT(results!U29, FIND("±", results!U29) - 1), results!U29) -> 3.27 | Y29: =IF(ISNUMBER(FIND("±", results!V29)), LEFT(results!V29, FIND("±", results!V29) - 1), results!V29) -> 2.12 | Z29: =IF(ISNUMBER(FIND("±", results!W29)), LEFT(results!W29, FIND("±", results!W29) - 1), results!W29) -> 1 | AA29: =IF(ISNUMBER(FIND("±", results!X29)), LEFT(results!X29, FIND("±", results!X29) - 1), results!X29) -> 149.16 | AB29: =IF(ISNUMBER(FIND("±", results!Y29)), LEFT(results!Y29, FIND("±", results!Y29) - 1), results!Y29) -> 0.00 | AC29: =IF(ISNUMBER(FIND("±", results!Z29)), LEFT(results!Z29, FIND("±", results!Z29) - 1), results!Z29) -> 5.61 | AD29: =IF(ISNUMBER(FIND("±", results!AA29)), LEFT(results!AA29, FIND("±", results!AA29) - 1), results!AA29) -> 1 | ... AL29: =IF(ISNUMBER(FIND("±", results!AI29)), LEFT(results!AI29, FIND("±", results!AI29) - 1), results!AI29) -> 1
D30: d3 | E30: =IF(ISNUMBER(FIND("±", results!B30)), LEFT(results!B30, FIND("±", results!B30) - 1), results!B30) -> 174.45 | F30: =IF(ISNUMBER(FIND("±", results!C30)), LEFT(results!C30, FIND("±", results!C30) - 1), results!C30) -> 3.43 | G30: =IF(ISNUMBER(FIND("±", results!D30)), LEFT(results!D30, FIND("±", results!D30) - 1), results!D30) -> 4.15 | H30: =IF(ISNUMBER(FIND("±", results!E30)), LEFT(results!E30, FIND("±", results!E30) - 1), results!E30) -> 1 | I30: =IF(ISNUMBER(FIND("±", results!F30)), LEFT(results!F30, FIND("±", results!F30) - 1), results!F30) -> 236.70 | J30: =IF(ISNUMBER(FIND("±", results!G30)), LEFT(results!G30, FIND("±", results!G30) - 1), results!G30) -> 0.00 | K30: =IF(ISNUMBER(FIND("±", results!H30)), LEFT(results!H30, FIND("±", results!H30) - 1), results!H30) -> 10.74 | L30: =IF(ISNUMBER(FIND("±", results!I30)), LEFT(results!I30, FIND("±", results!I30) - 1), results!I30) -> 1 | ... T30: =IF(ISNUMBER(FIND("±", results!Q30)), LEFT(results!Q30, FIND("±", results!Q30) - 1), results!Q30) -> 0.94 | V30: d3 | W30: =IF(ISNUMBER(FIND("±", results!T30)), LEFT(results!T30, FIND("±", results!T30) - 1), results!T30) -> 162.73 | X30: =IF(ISNUMBER(FIND("±", results!U30)), LEFT(results!U30, FIND("±", results!U30) - 1), results!U30) -> 3.22 | Y30: =IF(ISNUMBER(FIND("±", results!V30)), LEFT(results!V30, FIND("±", results!V30) - 1), results!V30) -> 4.48 | Z30: =IF(ISNUMBER(FIND("±", results!W30)), LEFT(results!W30, FIND("±", results!W30) - 1), results!W30) -> 1 | AA30: =IF(ISNUMBER(FIND("±", results!X30)), LEFT(results!X30, FIND("±", results!X30) - 1), results!X30) -> 236.94 | AB30: =IF(ISNUMBER(FIND("±", results!Y30)), LEFT(results!Y30, FIND("±", results!Y30) - 1), results!Y30) -> 0.00 | AC30: =IF(ISNUMBER(FIND("±", results!Z30)), LEFT(results!Z30, FIND("±", results!Z30) - 1), results!Z30) -> 12.32 | AD30: =IF(ISNUMBER(FIND("±", results!AA30)), LEFT(results!AA30, FIND("±", results!AA30) - 1), results!AA30) -> 1 | ... AL30: =IF(ISNUMBER(FIND("±", results!AI30)), LEFT(results!AI30, FIND("±", results!AI30) - 1), results!AI30) -> 1
D31: cb1 | E31: =IF(ISNUMBER(FIND("±", results!B31)), LEFT(results!B31, FIND("±", results!B31) - 1), results!B31) -> 727.48 | F31: =IF(ISNUMBER(FIND("±", results!C31)), LEFT(results!C31, FIND("±", results!C31) - 1), results!C31) -> 3.52 | G31: =IF(ISNUMBER(FIND("±", results!D31)), LEFT(results!D31, FIND("±", results!D31) - 1), results!D31) -> 68.54 | H31: =IF(ISNUMBER(FIND("±", results!E31)), LEFT(results!E31, FIND("±", results!E31) - 1), results!E31) -> 1 | I31: =IF(ISNUMBER(FIND("±", results!F31)), LEFT(results!F31, FIND("±", results!F31) - 1), results!F31) -> 754.84 | J31: =IF(ISNUMBER(FIND("±", results!G31)), LEFT(results!G31, FIND("±", results!G31) - 1), results!G31) -> 0.00 | K31: =IF(ISNUMBER(FIND("±", results!H31)), LEFT(results!H31, FIND("±", results!H31) - 1), results!H31) -> 70.95 | L31: =IF(ISNUMBER(FIND("±", results!I31)), LEFT(results!I31, FIND("±", results!I31) - 1), results!I31) -> 1 | ... T31: =IF(ISNUMBER(FIND("±", results!Q31)), LEFT(results!Q31, FIND("±", results!Q31) - 1), results!Q31) -> 0.62 | V31: cb1 | W31: =IF(ISNUMBER(FIND("±", results!T31)), LEFT(results!T31, FIND("±", results!T31) - 1), results!T31) -> 701.68 | X31: =IF(ISNUMBER(FIND("±", results!U31)), LEFT(results!U31, FIND("±", results!U31) - 1), results!U31) -> 3.96 | Y31: =IF(ISNUMBER(FIND("±", results!V31)), LEFT(results!V31, FIND("±", results!V31) - 1), results!V31) -> 74.69 | Z31: =IF(ISNUMBER(FIND("±", results!W31)), LEFT(results!W31, FIND("±", results!W31) - 1), results!W31) -> 1.00 | AA31: =IF(ISNUMBER(FIND("±", results!X31)), LEFT(results!X31, FIND("±", results!X31) - 1), results!X31) -> 879.92 | AB31: =IF(ISNUMBER(FIND("±", results!Y31)), LEFT(results!Y31, FIND("±", results!Y31) - 1), results!Y31) -> 0.00 | AC31: =IF(ISNUMBER(FIND("±", results!Z31)), LEFT(results!Z31, FIND("±", results!Z31) - 1), results!Z31) -> 100.61 | AD31: =IF(ISNUMBER(FIND("±", results!AA31)), LEFT(results!AA31, FIND("±", results!AA31) - 1), results!AA31) -> 1.00 | ... AL31: =IF(ISNUMBER(FIND("±", results!AI31)), LEFT(results!AI31, FIND("±", results!AI31) - 1), results!AI31) -> 1
D32: cb2 | E32: =IF(ISNUMBER(FIND("±", results!B32)), LEFT(results!B32, FIND("±", results!B32) - 1), results!B32) -> 386.43 | F32: =IF(ISNUMBER(FIND("±", results!C32)), LEFT(results!C32, FIND("±", results!C32) - 1), results!C32) -> 1.14 | G32: =IF(ISNUMBER(FIND("±", results!D32)), LEFT(results!D32, FIND("±", results!D32) - 1), results!D32) -> 150.52 | H32: =IF(ISNUMBER(FIND("±", results!E32)), LEFT(results!E32, FIND("±", results!E32) - 1), results!E32) -> 1 | I32: =IF(ISNUMBER(FIND("±", results!F32)), LEFT(results!F32, FIND("±", results!F32) - 1), results!F32) -> 574.22 | J32: =IF(ISNUMBER(FIND("±", results!G32)), LEFT(results!G32, FIND("±", results!G32) - 1), results!G32) -> 0.00 | K32: =IF(ISNUMBER(FIND("±", results!H32)), LEFT(results!H32, FIND("±", results!H32) - 1), results!H32) -> 238.08 | L32: =IF(ISNUMBER(FIND("±", results!I32)), LEFT(results!I32, FIND("±", results!I32) - 1), results!I32) -> 1 | ... T32: =IF(ISNUMBER(FIND("±", results!Q32)), LEFT(results!Q32, FIND("±", results!Q32) - 1), results!Q32) -> 0.74 | V32: cb2 | W32: =IF(ISNUMBER(FIND("±", results!T32)), LEFT(results!T32, FIND("±", results!T32) - 1), results!T32) -> 551.14 | X32: =IF(ISNUMBER(FIND("±", results!U32)), LEFT(results!U32, FIND("±", results!U32) - 1), results!U32) -> 1.38 | Y32: =IF(ISNUMBER(FIND("±", results!V32)), LEFT(results!V32, FIND("±", results!V32) - 1), results!V32) -> 136.72 | Z32: =IF(ISNUMBER(FIND("±", results!W32)), LEFT(results!W32, FIND("±", results!W32) - 1), results!W32) -> 1.00 | AA32: =IF(ISNUMBER(FIND("±", results!X32)), LEFT(results!X32, FIND("±", results!X32) - 1), results!X32) -> 520.19 | AB32: =IF(ISNUMBER(FIND("±", results!Y32)), LEFT(results!Y32, FIND("±", results!Y32) - 1), results!Y32) -> 0.00 | AC32: =IF(ISNUMBER(FIND("±", results!Z32)), LEFT(results!Z32, FIND("±", results!Z32) - 1), results!Z32) -> 138.50 | AD32: =IF(ISNUMBER(FIND("±", results!AA32)), LEFT(results!AA32, FIND("±", results!AA32) - 1), results!AA32) -> 1.00 | ... AL32: =IF(ISNUMBER(FIND("±", results!AI32)), LEFT(results!AI32, FIND("±", results!AI32) - 1), results!AI32) -> 1.00
D33: cb3 | E33: =IF(ISNUMBER(FIND("±", results!B33)), LEFT(results!B33, FIND("±", results!B33) - 1), results!B33) -> 937.09 | F33: =IF(ISNUMBER(FIND("±", results!C33)), LEFT(results!C33, FIND("±", results!C33) - 1), results!C33) -> 2.38 | G33: =IF(ISNUMBER(FIND("±", results!D33)), LEFT(results!D33, FIND("±", results!D33) - 1), results!D33) -> 227.57 | H33: =IF(ISNUMBER(FIND("±", results!E33)), LEFT(results!E33, FIND("±", results!E33) - 1), results!E33) -> 1 | I33: =IF(ISNUMBER(FIND("±", results!F33)), LEFT(results!F33, FIND("±", results!F33) - 1), results!F33) -> 909.34 | J33: =IF(ISNUMBER(FIND("±", results!G33)), LEFT(results!G33, FIND("±", results!G33) - 1), results!G33) -> 0.00 | K33: =IF(ISNUMBER(FIND("±", results!H33)), LEFT(results!H33, FIND("±", results!H33) - 1), results!H33) -> 231.31 | L33: =IF(ISNUMBER(FIND("±", results!I33)), LEFT(results!I33, FIND("±", results!I33) - 1), results!I33) -> 1 | ... T33: =IF(ISNUMBER(FIND("±", results!Q33)), LEFT(results!Q33, FIND("±", results!Q33) - 1), results!Q33) -> 0.64 | V33: cb3
D34: c | E34: =IF(ISNUMBER(FIND("±", results!B34)), LEFT(results!B34, FIND("±", results!B34) - 1), results!B34) -> 138.46 | F34: =IF(ISNUMBER(FIND("±", results!C34)), LEFT(results!C34, FIND("±", results!C34) - 1), results!C34) -> 78.58 | G34: =IF(ISNUMBER(FIND("±", results!D34)), LEFT(results!D34, FIND("±", results!D34) - 1), results!D34) -> 11.73 | H34: =IF(ISNUMBER(FIND("±", results!E34)), LEFT(results!E34, FIND("±", results!E34) - 1), results!E34) -> 1 | I34: =IF(ISNUMBER(FIND("±", results!F34)), LEFT(results!F34, FIND("±", results!F34) - 1), results!F34) -> 184.30 | J34: =IF(ISNUMBER(FIND("±", results!G34)), LEFT(results!G34, FIND("±", results!G34) - 1), results!G34) -> 0.00 | K34: =IF(ISNUMBER(FIND("±", results!H34)), LEFT(results!H34, FIND("±", results!H34) - 1), results!H34) -> 24.75 | L34: =IF(ISNUMBER(FIND("±", results!I34)), LEFT(results!I34, FIND("±", results!I34) - 1), results!I34) -> 1 | ... T34: =IF(ISNUMBER(FIND("±", results!Q34)), LEFT(results!Q34, FIND("±", results!Q34) - 1), results!Q34) -> 1 | V34: c | W34: =IF(ISNUMBER(FIND("±", results!T34)), LEFT(results!T34, FIND("±", results!T34) - 1), results!T34) -> 135.08 | X34: =IF(ISNUMBER(FIND("±", results!U34)), LEFT(results!U34, FIND("±", results!U34) - 1), results!U34) -> 76.44 | Y34: =IF(ISNUMBER(FIND("±", results!V34)), LEFT(results!V34, FIND("±", results!V34) - 1), results!V34) -> 12.65 | Z34: =IF(ISNUMBER(FIND("±", results!W34)), LEFT(results!W34, FIND("±", results!W34) - 1), results!W34) -> 1 | AA34: =IF(ISNUMBER(FIND("±", results!X34)), LEFT(results!X34, FIND("±", results!X34) - 1), results!X34) -> 180.94 | AB34: =IF(ISNUMBER(FIND("±", results!Y34)), LEFT(results!Y34, FIND("±", results!Y34) - 1), results!Y34) -> 0.00 | AC34: =IF(ISNUMBER(FIND("±", results!Z34)), LEFT(results!Z34, FIND("±", results!Z34) - 1), results!Z34) -> 26.80 | AD34: =IF(ISNUMBER(FIND("±", results!AA34)), LEFT(results!AA34, FIND("±", results!AA34) - 1), results!AA34) -> 1 | ... AL34: =IF(ISNUMBER(FIND("±", results!AI34)), LEFT(results!AI34, FIND("±", results!AI34) - 1), results!AI34) -> 1
D35: c2
D36: b | E36: =IF(ISNUMBER(FIND("±", results!B35)), LEFT(results!B35, FIND("±", results!B35) - 1), results!B35) -> 28.34 | F36: =IF(ISNUMBER(FIND("±", results!C35)), LEFT(results!C35, FIND("±", results!C35) - 1), results!C35) -> 12.18 | G36: =IF(ISNUMBER(FIND("±", results!D35)), LEFT(results!D35, FIND("±", results!D35) - 1), results!D35) -> 0.46 | H36: =IF(ISNUMBER(FIND("±", results!E35)), LEFT(results!E35, FIND("±", results!E35) - 1), results!E35) -> 1 | I36: =IF(ISNUMBER(FIND("±", results!F35)), LEFT(results!F35, FIND("±", results!F35) - 1), results!F35) -> 24.16 | J36: =IF(ISNUMBER(FIND("±", results!G35)), LEFT(results!G35, FIND("±", results!G35) - 1), results!G35) -> 0.00 | K36: =IF(ISNUMBER(FIND("±", results!H35)), LEFT(results!H35, FIND("±", results!H35) - 1), results!H35) -> 0.44 | L36: =IF(ISNUMBER(FIND("±", results!I35)), LEFT(results!I35, FIND("±", results!I35) - 1), results!I35) -> 1 | ... T36: =IF(ISNUMBER(FIND("±", results!Q35)), LEFT(results!Q35, FIND("±", results!Q35) - 1), results!Q35) -> 1 | V36: b | W36: =IF(ISNUMBER(FIND("±", results!T35)), LEFT(results!T35, FIND("±", results!T35) - 1), results!T35) -> 29.60 | X36: =IF(ISNUMBER(FIND("±", results!U35)), LEFT(results!U35, FIND("±", results!U35) - 1), results!U35) -> 12.84 | Y36: =IF(ISNUMBER(FIND("±", results!V35)), LEFT(results!V35, FIND("±", results!V35) - 1), results!V35) -> 0.52 | Z36: =IF(ISNUMBER(FIND("±", results!W35)), LEFT(results!W35, FIND("±", results!W35) - 1), results!W35) -> 1 | AA36: =IF(ISNUMBER(FIND("±", results!X35)), LEFT(results!X35, FIND("±", results!X35) - 1), results!X35) -> 24.28 | AB36: =IF(ISNUMBER(FIND("±", results!Y35)), LEFT(results!Y35, FIND("±", results!Y35) - 1), results!Y35) -> 0.00 | AC36: =IF(ISNUMBER(FIND("±", results!Z35)), LEFT(results!Z35, FIND("±", results!Z35) - 1), results!Z35) -> 0.53 | AD36: =IF(ISNUMBER(FIND("±", results!AA35)), LEFT(results!AA35, FIND("±", results!AA35) - 1), results!AA35) -> 1 | ... AL36: =IF(ISNUMBER(FIND("±", results!AI35)), LEFT(results!AI35, FIND("±", results!AI35) - 1), results!AI35) -> 1
D37: b15
D38: u1 | E38: =IF(ISNUMBER(FIND("±", results!B36)), LEFT(results!B36, FIND("±", results!B36) - 1), results!B36) -> 185.42 | F38: =IF(ISNUMBER(FIND("±", results!C36)), LEFT(results!C36, FIND("±", results!C36) - 1), results!C36) -> 149.80 | G38: =IF(ISNUMBER(FIND("±", results!D36)), LEFT(results!D36, FIND("±", results!D36) - 1), results!D36) -> 4.41 | H38: =IF(ISNUMBER(FIND("±", results!E36)), LEFT(results!E36, FIND("±", results!E36) - 1), results!E36) -> 1 | I38: =IF(ISNUMBER(FIND("±", results!F36)), LEFT(results!F36, FIND("±", results!F36) - 1), results!F36) -> 197.68 | J38: =IF(ISNUMBER(FIND("±", results!G36)), LEFT(results!G36, FIND("±", results!G36) - 1), results!G36) -> 0.00 | K38: =IF(ISNUMBER(FIND("±", results!H36)), LEFT(results!H36, FIND("±", results!H36) - 1), results!H36) -> 6.53 | L38: =IF(ISNUMBER(FIND("±", results!I36)), LEFT(results!I36, FIND("±", results!I36) - 1), results!I36) -> 1 | ... T38: =IF(ISNUMBER(FIND("±", results!Q36)), LEFT(results!Q36, FIND("±", results!Q36) - 1), results!Q36) -> 1 | V38: u1 | W38: =IF(ISNUMBER(FIND("±", results!T36)), LEFT(results!T36, FIND("±", results!T36) - 1), results!T36) -> 166.86 | X38: =IF(ISNUMBER(FIND("±", results!U36)), LEFT(results!U36, FIND("±", results!U36) - 1), results!U36) -> 134.68 | Y38: =IF(ISNUMBER(FIND("±", results!V36)), LEFT(results!V36, FIND("±", results!V36) - 1), results!V36) -> 4.68 | Z38: =IF(ISNUMBER(FIND("±", results!W36)), LEFT(results!W36, FIND("±", results!W36) - 1), results!W36) -> 1 | AA38: =IF(ISNUMBER(FIND("±", results!X36)), LEFT(results!X36, FIND("±", results!X36) - 1), results!X36) -> 191.80 | AB38: =IF(ISNUMBER(FIND("±", results!Y36)), LEFT(results!Y36, FIND("±", results!Y36) - 1), results!Y36) -> 0.00 | AC38: =IF(ISNUMBER(FIND("±", results!Z36)), LEFT(results!Z36, FIND("±", results!Z36) - 1), results!Z36) -> 7.47 | AD38: =IF(ISNUMBER(FIND("±", results!AA36)), LEFT(results!AA36, FIND("±", results!AA36) - 1), results!AA36) -> 1 | ... AL38: =IF(ISNUMBER(FIND("±", results!AI36)), LEFT(results!AI36, FIND("±", results!AI36) - 1), results!AI36) -> 1
D39: u2 | E39: =IF(ISNUMBER(FIND("±", results!B37)), LEFT(results!B37, FIND("±", results!B37) - 1), results!B37) -> 653.36 | F39: =IF(ISNUMBER(FIND("±", results!C37)), LEFT(results!C37, FIND("±", results!C37) - 1), results!C37) -> 581.52 | G39: =IF(ISNUMBER(FIND("±", results!D37)), LEFT(results!D37, FIND("±", results!D37) - 1), results!D37) -> 143.15 | H39: =IF(ISNUMBER(FIND("±", results!E37)), LEFT(results!E37, FIND("±", results!E37) - 1), results!E37) -> 1 | I39: =IF(ISNUMBER(FIND("±", results!F37)), LEFT(results!F37, FIND("±", results!F37) - 1), results!F37) -> 749.72 | J39: =IF(ISNUMBER(FIND("±", results!G37)), LEFT(results!G37, FIND("±", results!G37) - 1), results!G37) -> 0.00 | K39: =IF(ISNUMBER(FIND("±", results!H37)), LEFT(results!H37, FIND("±", results!H37) - 1), results!H37) -> 262.53 | L39: =IF(ISNUMBER(FIND("±", results!I37)), LEFT(results!I37, FIND("±", results!I37) - 1), results!I37) -> 1 | ... T39: =IF(ISNUMBER(FIND("±", results!Q37)), LEFT(results!Q37, FIND("±", results!Q37) - 1), results!Q37) -> 1 | V39: u2 | W39: =IF(ISNUMBER(FIND("±", results!T37)), LEFT(results!T37, FIND("±", results!T37) - 1), results!T37) -> 641.08 | X39: =IF(ISNUMBER(FIND("±", results!U37)), LEFT(results!U37, FIND("±", results!U37) - 1), results!U37) -> 572.88 | Y39: =IF(ISNUMBER(FIND("±", results!V37)), LEFT(results!V37, FIND("±", results!V37) - 1), results!V37) -> 174.30 | Z39: =IF(ISNUMBER(FIND("±", results!W37)), LEFT(results!W37, FIND("±", results!W37) - 1), results!W37) -> 1.00 | AA39: =IF(ISNUMBER(FIND("±", results!X37)), LEFT(results!X37, FIND("±", results!X37) - 1), results!X37) -> 736.06 | AB39: =IF(ISNUMBER(FIND("±", results!Y37)), LEFT(results!Y37, FIND("±", results!Y37) - 1), results!Y37) -> 0.00 | AC39: =IF(ISNUMBER(FIND("±", results!Z37)), LEFT(results!Z37, FIND("±", results!Z37) - 1), results!Z37) -> 298.73 | AD39: =IF(ISNUMBER(FIND("±", results!AA37)), LEFT(results!AA37, FIND("±", results!AA37) - 1), results!AA37) -> 1.00 | ... AL39: =IF(ISNUMBER(FIND("±", results!AI37)), LEFT(results!AI37, FIND("±", results!AI37) - 1), results!AI37) -> 1.00
D40: w1 | E40: =IF(ISNUMBER(FIND("±", results!B38)), LEFT(results!B38, FIND("±", results!B38) - 1), results!B38) -> 91.67 | F40: =IF(ISNUMBER(FIND("±", results!C38)), LEFT(results!C38, FIND("±", results!C38) - 1), results!C38) -> 37.00 | G40: =IF(ISNUMBER(FIND("±", results!D38)), LEFT(results!D38, FIND("±", results!D38) - 1), results!D38) -> 3.57 | H40: =IF(ISNUMBER(FIND("±", results!E38)), LEFT(results!E38, FIND("±", results!E38) - 1), results!E38) -> 1 | I40: =IF(ISNUMBER(FIND("±", results!F38)), LEFT(results!F38, FIND("±", results!F38) - 1), results!F38) -> 92.78 | J40: =IF(ISNUMBER(FIND("±", results!G38)), LEFT(results!G38, FIND("±", results!G38) - 1), results!G38) -> 0.00 | K40: =IF(ISNUMBER(FIND("±", results!H38)), LEFT(results!H38, FIND("±", results!H38) - 1), results!H38) -> 3.76 | L40: =IF(ISNUMBER(FIND("±", results!I38)), LEFT(results!I38, FIND("±", results!I38) - 1), results!I38) -> 1 | ... T40: =IF(ISNUMBER(FIND("±", results!Q38)), LEFT(results!Q38, FIND("±", results!Q38) - 1), results!Q38) -> 0.9 | V40: w1
D41: w2 | E41: =IF(ISNUMBER(FIND("±", results!B39)), LEFT(results!B39, FIND("±", results!B39) - 1), results!B39) -> 181.33 | F41: =IF(ISNUMBER(FIND("±", results!C39)), LEFT(results!C39, FIND("±", results!C39) - 1), results!C39) -> 77.87 | G41: =IF(ISNUMBER(FIND("±", results!D39)), LEFT(results!D39, FIND("±", results!D39) - 1), results!D39) -> 32.05 | H41: =IF(ISNUMBER(FIND("±", results!E39)), LEFT(results!E39, FIND("±", results!E39) - 1), results!E39) -> 1 | I41: =IF(ISNUMBER(FIND("±", results!F39)), LEFT(results!F39, FIND("±", results!F39) - 1), results!F39) -> 182.33 | J41: =IF(ISNUMBER(FIND("±", results!G39)), LEFT(results!G39, FIND("±", results!G39) - 1), results!G39) -> 0.00 | K41: =IF(ISNUMBER(FIND("±", results!H39)), LEFT(results!H39, FIND("±", results!H39) - 1), results!H39) -> 31.89 | L41: =IF(ISNUMBER(FIND("±", results!I39)), LEFT(results!I39, FIND("±", results!I39) - 1), results!I39) -> 1 | ... T41: =IF(ISNUMBER(FIND("±", results!Q39)), LEFT(results!Q39, FIND("±", results!Q39) - 1), results!Q39) -> 1 | V41: w2
D45: FB
D46: P | E46: Optimisitc | I46: Lazy | M46: MakeTrue
E47: Actions | F47: F-R | G47: Time | H47: SR | I47: Actions | J47: F-R | K47: Time | L47: SR | M47: Actions | N47: F-R | O47: Time | P47: SR
D48: d1 | E48: =IF(ISNUMBER(FIND("±", results!B46)), LEFT(results!B46, FIND("±", results!B46) - 1), results!B46) -> 92.06 | F48: =IF(ISNUMBER(FIND("±", results!C46)), LEFT(results!C46, FIND("±", results!C46) - 1), results!C46) -> 2.06 | G48: =IF(ISNUMBER(FIND("±", results!D46)), LEFT(results!D46, FIND("±", results!D46) - 1), results!D46) -> 1.17 | H48: =IF(ISNUMBER(FIND("±", results!E46)), LEFT(results!E46, FIND("±", results!E46) - 1), results!E46) -> 1 | I48: =IF(ISNUMBER(FIND("±", results!F46)), LEFT(results!F46, FIND("±", results!F46) - 1), results!F46) -> 99.90 | J48: =IF(ISNUMBER(FIND("±", results!G46)), LEFT(results!G46, FIND("±", results!G46) - 1), results!G46) -> 0.39 | K48: =IF(ISNUMBER(FIND("±", results!H46)), LEFT(results!H46, FIND("±", results!H46) - 1), results!H46) -> 2.37 | L48: =IF(ISNUMBER(FIND("±", results!I46)), LEFT(results!I46, FIND("±", results!I46) - 1), results!I46) -> 1 | ... P48: =IF(ISNUMBER(FIND("±", results!M46)), LEFT(results!M46, FIND("±", results!M46) - 1), results!M46) -> 0.98
D49: d2 | E49: =IF(ISNUMBER(FIND("±", results!B47)), LEFT(results!B47, FIND("±", results!B47) - 1), results!B47) -> 105.29 | F49: =IF(ISNUMBER(FIND("±", results!C47)), LEFT(results!C47, FIND("±", results!C47) - 1), results!C47) -> 2.88 | G49: =IF(ISNUMBER(FIND("±", results!D47)), LEFT(results!D47, FIND("±", results!D47) - 1), results!D47) -> 2.29 | H49: =IF(ISNUMBER(FIND("±", results!E47)), LEFT(results!E47, FIND("±", results!E47) - 1), results!E47) -> 1 | I49: =IF(ISNUMBER(FIND("±", results!F47)), LEFT(results!F47, FIND("±", results!F47) - 1), results!F47) -> 107.55 | J49: =IF(ISNUMBER(FIND("±", results!G47)), LEFT(results!G47, FIND("±", results!G47) - 1), results!G47) -> 0.65 | K49: =IF(ISNUMBER(FIND("±", results!H47)), LEFT(results!H47, FIND("±", results!H47) - 1), results!H47) -> 3.96 | L49: =IF(ISNUMBER(FIND("±", results!I47)), LEFT(results!I47, FIND("±", results!I47) - 1), results!I47) -> 1 | ... P49: =IF(ISNUMBER(FIND("±", results!M47)), LEFT(results!M47, FIND("±", results!M47) - 1), results!M47) -> 0.98
D50: d3 | E50: =IF(ISNUMBER(FIND("±", results!B48)), LEFT(results!B48, FIND("±", results!B48) - 1), results!B48) -> 165.73 | F50: =IF(ISNUMBER(FIND("±", results!C48)), LEFT(results!C48, FIND("±", results!C48) - 1), results!C48) -> 3.08 | G50: =IF(ISNUMBER(FIND("±", results!D48)), LEFT(results!D48, FIND("±", results!D48) - 1), results!D48) -> 6.25 | H50: =IF(ISNUMBER(FIND("±", results!E48)), LEFT(results!E48, FIND("±", results!E48) - 1), results!E48) -> 1 | I50: =IF(ISNUMBER(FIND("±", results!F48)), LEFT(results!F48, FIND("±", results!F48) - 1), results!F48) -> 188.20 | J50: =IF(ISNUMBER(FIND("±", results!G48)), LEFT(results!G48, FIND("±", results!G48) - 1), results!G48) -> 0.86 | K50: =IF(ISNUMBER(FIND("±", results!H48)), LEFT(results!H48, FIND("±", results!H48) - 1), results!H48) -> 12.19 | L50: =IF(ISNUMBER(FIND("±", results!I48)), LEFT(results!I48, FIND("±", results!I48) - 1), results!I48) -> 1 | ... P50: =IF(ISNUMBER(FIND("±", results!M48)), LEFT(results!M48, FIND("±", results!M48) - 1), results!M48) -> 0.98
D51: cb1 | E51: =IF(ISNUMBER(FIND("±", results!B49)), LEFT(results!B49, FIND("±", results!B49) - 1), results!B49) -> 681.85 | F51: =IF(ISNUMBER(FIND("±", results!C49)), LEFT(results!C49, FIND("±", results!C49) - 1), results!C49) -> 4.65 | G51: =IF(ISNUMBER(FIND("±", results!D49)), LEFT(results!D49, FIND("±", results!D49) - 1), results!D49) -> 50.45 | H51: =IF(ISNUMBER(FIND("±", results!E49)), LEFT(results!E49, FIND("±", results!E49) - 1), results!E49) -> 1 | I51: =IF(ISNUMBER(FIND("±", results!F49)), LEFT(results!F49, FIND("±", results!F49) - 1), results!F49) -> 689.59 | J51: =IF(ISNUMBER(FIND("±", results!G49)), LEFT(results!G49, FIND("±", results!G49) - 1), results!G49) -> 1.06 | K51: =IF(ISNUMBER(FIND("±", results!H49)), LEFT(results!H49, FIND("±", results!H49) - 1), results!H49) -> 51.48 | L51: =IF(ISNUMBER(FIND("±", results!I49)), LEFT(results!I49, FIND("±", results!I49) - 1), results!I49) -> 1 | ... P51: =IF(ISNUMBER(FIND("±", results!M49)), LEFT(results!M49, FIND("±", results!M49) - 1), results!M49) -> 0.68
D52: cb2 | E52: =IF(ISNUMBER(FIND("±", results!B50)), LEFT(results!B50, FIND("±", results!B50) - 1), results!B50) -> 460.55 | F52: =IF(ISNUMBER(FIND("±", results!C50)), LEFT(results!C50, FIND("±", results!C50) - 1), results!C50) -> 1.21 | G52: =IF(ISNUMBER(FIND("±", results!D50)), LEFT(results!D50, FIND("±", results!D50) - 1), results!D50) -> 72.15 | H52: =IF(ISNUMBER(FIND("±", results!E50)), LEFT(results!E50, FIND("±", results!E50) - 1), results!E50) -> 1 | I52: =IF(ISNUMBER(FIND("±", results!F50)), LEFT(results!F50, FIND("±", results!F50) - 1), results!F50) -> 474.71 | J52: =IF(ISNUMBER(FIND("±", results!G50)), LEFT(results!G50, FIND("±", results!G50) - 1), results!G50) -> 0.24 | K52: =IF(ISNUMBER(FIND("±", results!H50)), LEFT(results!H50, FIND("±", results!H50) - 1), results!H50) -> 76.55 | L52: =IF(ISNUMBER(FIND("±", results!I50)), LEFT(results!I50, FIND("±", results!I50) - 1), results!I50) -> 1 | ... P52: =IF(ISNUMBER(FIND("±", results!M50)), LEFT(results!M50, FIND("±", results!M50) - 1), results!M50) -> 0.84
D53: cb3 | E53: =IF(ISNUMBER(FIND("±", results!B51)), LEFT(results!B51, FIND("±", results!B51) - 1), results!B51) -> 874.71 | F53: =IF(ISNUMBER(FIND("±", results!C51)), LEFT(results!C51, FIND("±", results!C51) - 1), results!C51) -> 2.93 | G53: =IF(ISNUMBER(FIND("±", results!D51)), LEFT(results!D51, FIND("±", results!D51) - 1), results!D51) -> 157.47 | H53: =IF(ISNUMBER(FIND("±", results!E51)), LEFT(results!E51, FIND("±", results!E51) - 1), results!E51) -> 1 | I53: =IF(ISNUMBER(FIND("±", results!F51)), LEFT(results!F51, FIND("±", results!F51) - 1), results!F51) -> 938.31 | J53: =IF(ISNUMBER(FIND("±", results!G51)), LEFT(results!G51, FIND("±", results!G51) - 1), results!G51) -> 0.79 | K53: =IF(ISNUMBER(FIND("±", results!H51)), LEFT(results!H51, FIND("±", results!H51) - 1), results!H51) -> 171.05 | L53: =IF(ISNUMBER(FIND("±", results!I51)), LEFT(results!I51, FIND("±", results!I51) - 1), results!I51) -> 1 | ... P53: =IF(ISNUMBER(FIND("±", results!M51)), LEFT(results!M51, FIND("±", results!M51) - 1), results!M51) -> 0.84
D54: c | E54: =IF(ISNUMBER(FIND("±", results!B52)), LEFT(results!B52, FIND("±", results!B52) - 1), results!B52) -> 136.28 | F54: =IF(ISNUMBER(FIND("±", results!C52)), LEFT(results!C52, FIND("±", results!C52) - 1), results!C52) -> 76.96 | G54: =IF(ISNUMBER(FIND("±", results!D52)), LEFT(results!D52, FIND("±", results!D52) - 1), results!D52) -> 18.61 | H54: =IF(ISNUMBER(FIND("±", results!E52)), LEFT(results!E52, FIND("±", results!E52) - 1), results!E52) -> 1 | I54: =IF(ISNUMBER(FIND("±", results!F52)), LEFT(results!F52, FIND("±", results!F52) - 1), results!F52) -> 97.24 | J54: =IF(ISNUMBER(FIND("±", results!G52)), LEFT(results!G52, FIND("±", results!G52) - 1), results!G52) -> 16.32 | K54: =IF(ISNUMBER(FIND("±", results!H52)), LEFT(results!H52, FIND("±", results!H52) - 1), results!H52) -> 15.13 | L54: =IF(ISNUMBER(FIND("±", results!I52)), LEFT(results!I52, FIND("±", results!I52) - 1), results!I52) -> 1 | ... P54: =IF(ISNUMBER(FIND("±", results!M52)), LEFT(results!M52, FIND("±", results!M52) - 1), results!M52) -> 1
D55: b | E55: =IF(ISNUMBER(FIND("±", results!B53)), LEFT(results!B53, FIND("±", results!B53) - 1), results!B53) -> 28.78 | F55: =IF(ISNUMBER(FIND("±", results!C53)), LEFT(results!C53, FIND("±", results!C53) - 1), results!C53) -> 12.67 | G55: =IF(ISNUMBER(FIND("±", results!D53)), LEFT(results!D53, FIND("±", results!D53) - 1), results!D53) -> 0.70 | H55: =IF(ISNUMBER(FIND("±", results!E53)), LEFT(results!E53, FIND("±", results!E53) - 1), results!E53) -> 1 | I55: =IF(ISNUMBER(FIND("±", results!F53)), LEFT(results!F53, FIND("±", results!F53) - 1), results!F53) -> 14.91 | J55: =IF(ISNUMBER(FIND("±", results!G53)), LEFT(results!G53, FIND("±", results!G53) - 1), results!G53) -> 2.93 | K55: =IF(ISNUMBER(FIND("±", results!H53)), LEFT(results!H53, FIND("±", results!H53) - 1), results!H53) -> 0.38 | L55: =IF(ISNUMBER(FIND("±", results!I53)), LEFT(results!I53, FIND("±", results!I53) - 1), results!I53) -> 0.9 | ... P55: =IF(ISNUMBER(FIND("±", results!M53)), LEFT(results!M53, FIND("±", results!M53) - 1), results!M53) -> 0.92
D56: u1 | E56: =IF(ISNUMBER(FIND("±", results!B54)), LEFT(results!B54, FIND("±", results!B54) - 1), results!B54) -> 175.66 | F56: =IF(ISNUMBER(FIND("±", results!C54)), LEFT(results!C54, FIND("±", results!C54) - 1), results!C54) -> 141.48 | G56: =IF(ISNUMBER(FIND("±", results!D54)), LEFT(results!D54, FIND("±", results!D54) - 1), results!D54) -> 6.47 | H56: =IF(ISNUMBER(FIND("±", results!E54)), LEFT(results!E54, FIND("±", results!E54) - 1), results!E54) -> 1 | I56: =IF(ISNUMBER(FIND("±", results!F54)), LEFT(results!F54, FIND("±", results!F54) - 1), results!F54) -> 96.22 | J56: =IF(ISNUMBER(FIND("±", results!G54)), LEFT(results!G54, FIND("±", results!G54) - 1), results!G54) -> 27.26 | K56: =IF(ISNUMBER(FIND("±", results!H54)), LEFT(results!H54, FIND("±", results!H54) - 1), results!H54) -> 3.32 | L56: =IF(ISNUMBER(FIND("±", results!I54)), LEFT(results!I54, FIND("±", results!I54) - 1), results!I54) -> 1 | ... P56: =IF(ISNUMBER(FIND("±", results!M54)), LEFT(results!M54, FIND("±", results!M54) - 1), results!M54) -> 1
D57: u2 | E57: =IF(ISNUMBER(FIND("±", results!B55)), LEFT(results!B55, FIND("±", results!B55) - 1), results!B55) -> 748.22 | F57: =IF(ISNUMBER(FIND("±", results!C55)), LEFT(results!C55, FIND("±", results!C55) - 1), results!C55) -> 666.18 | G57: =IF(ISNUMBER(FIND("±", results!D55)), LEFT(results!D55, FIND("±", results!D55) - 1), results!D55) -> 266.56 | H57: =IF(ISNUMBER(FIND("±", results!E55)), LEFT(results!E55, FIND("±", results!E55) - 1), results!E55) -> 1 | I57: =IF(ISNUMBER(FIND("±", results!F55)), LEFT(results!F55, FIND("±", results!F55) - 1), results!F55) -> 425.86 | J57: =IF(ISNUMBER(FIND("±", results!G55)), LEFT(results!G55, FIND("±", results!G55) - 1), results!G55) -> 125.38 | K57: =IF(ISNUMBER(FIND("±", results!H55)), LEFT(results!H55, FIND("±", results!H55) - 1), results!H55) -> 92.98 | L57: =IF(ISNUMBER(FIND("±", results!I55)), LEFT(results!I55, FIND("±", results!I55) - 1), results!I55) -> 1 | ... P57: =IF(ISNUMBER(FIND("±", results!M55)), LEFT(results!M55, FIND("±", results!M55) - 1), results!M55) -> 1
D58: w1 | E58: =IF(ISNUMBER(FIND("±", results!B56)), LEFT(results!B56, FIND("±", results!B56) - 1), results!B56) -> 88.15 | F58: =IF(ISNUMBER(FIND("±", results!C56)), LEFT(results!C56, FIND("±", results!C56) - 1), results!C56) -> 35.78 | G58: =IF(ISNUMBER(FIND("±", results!D56)), LEFT(results!D56, FIND("±", results!D56) - 1), results!D56) -> 5.24 | H58: =IF(ISNUMBER(FIND("±", results!E56)), LEFT(results!E56, FIND("±", results!E56) - 1), results!E56) -> 1 | I58: =IF(ISNUMBER(FIND("±", results!F56)), LEFT(results!F56, FIND("±", results!F56) - 1), results!F56) -> 98.76 | J58: =IF(ISNUMBER(FIND("±", results!G56)), LEFT(results!G56, FIND("±", results!G56) - 1), results!G56) -> 16.39 | K58: =IF(ISNUMBER(FIND("±", results!H56)), LEFT(results!H56, FIND("±", results!H56) - 1), results!H56) -> 4.17 | L58: =IF(ISNUMBER(FIND("±", results!I56)), LEFT(results!I56, FIND("±", results!I56) - 1), results!I56) -> 1 | ... P58: =IF(ISNUMBER(FIND("±", results!M56)), LEFT(results!M56, FIND("±", results!M56) - 1), results!M56) -> 0.92
D59: w2 | E59: =IF(ISNUMBER(FIND("±", results!B57)), LEFT(results!B57, FIND("±", results!B57) - 1), results!B57) -> 166.43 | F59: =IF(ISNUMBER(FIND("±", results!C57)), LEFT(results!C57, FIND("±", results!C57) - 1), results!C57) -> 71.64 | G59: =IF(ISNUMBER(FIND("±", results!D57)), LEFT(results!D57, FIND("±", results!D57) - 1), results!D57) -> 45.70 | H59: =IF(ISNUMBER(FIND("±", results!E57)), LEFT(results!E57, FIND("±", results!E57) - 1), results!E57) -> 1 | I59: =IF(ISNUMBER(FIND("±", results!F57)), LEFT(results!F57, FIND("±", results!F57) - 1), results!F57) -> 186.86 | J59: =IF(ISNUMBER(FIND("±", results!G57)), LEFT(results!G57, FIND("±", results!G57) - 1), results!G57) -> 36.30 | K59: =IF(ISNUMBER(FIND("±", results!H57)), LEFT(results!H57, FIND("±", results!H57) - 1), results!H57) -> 32.39 | L59: =IF(ISNUMBER(FIND("±", results!I57)), LEFT(results!I57, FIND("±", results!I57) - 1), results!I57) -> 1 | ... P59: =IF(ISNUMBER(FIND("±", results!M57)), LEFT(results!M57, FIND("±", results!M57) - 1), results!M57) -> 0.88
D63: FB - high
D64: P | E64: Optimisitc | I64: Lazy | M64: MakeTrue
E65: Actions | F65: F-R | G65: Time | H65: SR | I65: Actions | J65: F-R | K65: Time | L65: SR | M65: Actions | N65: F-R | O65: Time | P65: SR
D66: d1 | E66: =IF(ISNUMBER(FIND("±", results!B64)), LEFT(results!B64, FIND("±", results!B64) - 1), results!B64) -> 93.62 | F66: =IF(ISNUMBER(FIND("±", results!C64)), LEFT(results!C64, FIND("±", results!C64) - 1), results!C64) -> 2.19 | G66: =IF(ISNUMBER(FIND("±", results!D64)), LEFT(results!D64, FIND("±", results!D64) - 1), results!D64) -> 0.91 | H66: =IF(ISNUMBER(FIND("±", results!E64)), LEFT(results!E64, FIND("±", results!E64) - 1), results!E64) -> 1.00 | I66: =IF(ISNUMBER(FIND("±", results!F64)), LEFT(results!F64, FIND("±", results!F64) - 1), results!F64) -> 118.49 | J66: =IF(ISNUMBER(FIND("±", results!G64)), LEFT(results!G64, FIND("±", results!G64) - 1), results!G64) -> 1.70 | K66: =IF(ISNUMBER(FIND("±", results!H64)), LEFT(results!H64, FIND("±", results!H64) - 1), results!H64) -> 2.51 | L66: =IF(ISNUMBER(FIND("±", results!I64)), LEFT(results!I64, FIND("±", results!I64) - 1), results!I64) -> 1.00 | ... P66: =IF(ISNUMBER(FIND("±", results!M64)), LEFT(results!M64, FIND("±", results!M64) - 1), results!M64) -> 0.94
D67: d2 | E67: =IF(ISNUMBER(FIND("±", results!B65)), LEFT(results!B65, FIND("±", results!B65) - 1), results!B65) -> 107.62 | F67: =IF(ISNUMBER(FIND("±", results!C65)), LEFT(results!C65, FIND("±", results!C65) - 1), results!C65) -> 3.16 | G67: =IF(ISNUMBER(FIND("±", results!D65)), LEFT(results!D65, FIND("±", results!D65) - 1), results!D65) -> 1.38 | H67: =IF(ISNUMBER(FIND("±", results!E65)), LEFT(results!E65, FIND("±", results!E65) - 1), results!E65) -> 1.00 | I67: =IF(ISNUMBER(FIND("±", results!F65)), LEFT(results!F65, FIND("±", results!F65) - 1), results!F65) -> 134.24 | J67: =IF(ISNUMBER(FIND("±", results!G65)), LEFT(results!G65, FIND("±", results!G65) - 1), results!G65) -> 2.19 | K67: =IF(ISNUMBER(FIND("±", results!H65)), LEFT(results!H65, FIND("±", results!H65) - 1), results!H65) -> 4.02 | L67: =IF(ISNUMBER(FIND("±", results!I65)), LEFT(results!I65, FIND("±", results!I65) - 1), results!I65) -> 1.00 | ... P67: =IF(ISNUMBER(FIND("±", results!M65)), LEFT(results!M65, FIND("±", results!M65) - 1), results!M65) -> 0.74
D68: d3 | E68: =IF(ISNUMBER(FIND("±", results!B66)), LEFT(results!B66, FIND("±", results!B66) - 1), results!B66) -> 166.86 | F68: =IF(ISNUMBER(FIND("±", results!C66)), LEFT(results!C66, FIND("±", results!C66) - 1), results!C66) -> 3.27 | G68: =IF(ISNUMBER(FIND("±", results!D66)), LEFT(results!D66, FIND("±", results!D66) - 1), results!D66) -> 3.99 | H68: =IF(ISNUMBER(FIND("±", results!E66)), LEFT(results!E66, FIND("±", results!E66) - 1), results!E66) -> 1.00 | I68: =IF(ISNUMBER(FIND("±", results!F66)), LEFT(results!F66, FIND("±", results!F66) - 1), results!F66) -> 209.05 | J68: =IF(ISNUMBER(FIND("±", results!G66)), LEFT(results!G66, FIND("±", results!G66) - 1), results!G66) -> 2.05 | K68: =IF(ISNUMBER(FIND("±", results!H66)), LEFT(results!H66, FIND("±", results!H66) - 1), results!H66) -> 11.44 | L68: =IF(ISNUMBER(FIND("±", results!I66)), LEFT(results!I66, FIND("±", results!I66) - 1), results!I66) -> 1.00 | ... P68: =IF(ISNUMBER(FIND("±", results!M66)), LEFT(results!M66, FIND("±", results!M66) - 1), results!M66) -> 0.44
D69: cb1 | E69: =IF(ISNUMBER(FIND("±", results!B67)), LEFT(results!B67, FIND("±", results!B67) - 1), results!B67) -> 736.55 | F69: =IF(ISNUMBER(FIND("±", results!C67)), LEFT(results!C67, FIND("±", results!C67) - 1), results!C67) -> 3.70 | G69: =IF(ISNUMBER(FIND("±", results!D67)), LEFT(results!D67, FIND("±", results!D67) - 1), results!D67) -> 54.01 | H69: =IF(ISNUMBER(FIND("±", results!E67)), LEFT(results!E67, FIND("±", results!E67) - 1), results!E67) -> 1.00 | I69: =IF(ISNUMBER(FIND("±", results!F67)), LEFT(results!F67, FIND("±", results!F67) - 1), results!F67) -> 729.90 | J69: =IF(ISNUMBER(FIND("±", results!G67)), LEFT(results!G67, FIND("±", results!G67) - 1), results!G67) -> 3.60 | K69: =IF(ISNUMBER(FIND("±", results!H67)), LEFT(results!H67, FIND("±", results!H67) - 1), results!H67) -> 53.60 | L69: =IF(ISNUMBER(FIND("±", results!I67)), LEFT(results!I67, FIND("±", results!I67) - 1), results!I67) -> 1.00 | ... P69: =IF(ISNUMBER(FIND("±", results!M67)), LEFT(results!M67, FIND("±", results!M67) - 1), results!M67) -> 0.40
D70: cb2 | E70: =IF(ISNUMBER(FIND("±", results!B68)), LEFT(results!B68, FIND("±", results!B68) - 1), results!B68) -> 442.12 | F70: =IF(ISNUMBER(FIND("±", results!C68)), LEFT(results!C68, FIND("±", results!C68) - 1), results!C68) -> 1.59 | G70: =IF(ISNUMBER(FIND("±", results!D68)), LEFT(results!D68, FIND("±", results!D68) - 1), results!D68) -> 65.77 | H70: =IF(ISNUMBER(FIND("±", results!E68)), LEFT(results!E68, FIND("±", results!E68) - 1), results!E68) -> 1.00 | I70: =IF(ISNUMBER(FIND("±", results!F68)), LEFT(results!F68, FIND("±", results!F68) - 1), results!F68) -> 482.65 | J70: =IF(ISNUMBER(FIND("±", results!G68)), LEFT(results!G68, FIND("±", results!G68) - 1), results!G68) -> 1.84 | K70: =IF(ISNUMBER(FIND("±", results!H68)), LEFT(results!H68, FIND("±", results!H68) - 1), results!H68) -> 75.94 | L70: =IF(ISNUMBER(FIND("±", results!I68)), LEFT(results!I68, FIND("±", results!I68) - 1), results!I68) -> 1.00 | ... P70: =IF(ISNUMBER(FIND("±", results!M68)), LEFT(results!M68, FIND("±", results!M68) - 1), results!M68) -> 0.98
D71: cb3 | E71: =IF(ISNUMBER(FIND("±", results!B69)), LEFT(results!B69, FIND("±", results!B69) - 1), results!B69) -> 872.54 | F71: =IF(ISNUMBER(FIND("±", results!C69)), LEFT(results!C69, FIND("±", results!C69) - 1), results!C69) -> 2.43 | G71: =IF(ISNUMBER(FIND("±", results!D69)), LEFT(results!D69, FIND("±", results!D69) - 1), results!D69) -> 155.70 | H71: =IF(ISNUMBER(FIND("±", results!E69)), LEFT(results!E69, FIND("±", results!E69) - 1), results!E69) -> 1.00 | I71: =IF(ISNUMBER(FIND("±", results!F69)), LEFT(results!F69, FIND("±", results!F69) - 1), results!F69) -> 1005.25 | J71: =IF(ISNUMBER(FIND("±", results!G69)), LEFT(results!G69, FIND("±", results!G69) - 1), results!G69) -> 2.82 | K71: =IF(ISNUMBER(FIND("±", results!H69)), LEFT(results!H69, FIND("±", results!H69) - 1), results!H69) -> 187.35 | L71: =IF(ISNUMBER(FIND("±", results!I69)), LEFT(results!I69, FIND("±", results!I69) - 1), results!I69) -> 1.00 | ... P71: =IF(ISNUMBER(FIND("±", results!M69)), LEFT(results!M69, FIND("±", results!M69) - 1), results!M69) -> 0.56
D72: c | E72: =IF(ISNUMBER(FIND("±", results!B70)), LEFT(results!B70, FIND("±", results!B70) - 1), results!B70) -> 135.82 | F72: =IF(ISNUMBER(FIND("±", results!C70)), LEFT(results!C70, FIND("±", results!C70) - 1), results!C70) -> 76.44 | G72: =IF(ISNUMBER(FIND("±", results!D70)), LEFT(results!D70, FIND("±", results!D70) - 1), results!D70) -> 12.37 | H72: =IF(ISNUMBER(FIND("±", results!E70)), LEFT(results!E70, FIND("±", results!E70) - 1), results!E70) -> 1.00 | I72: =IF(ISNUMBER(FIND("±", results!F70)), LEFT(results!F70, FIND("±", results!F70) - 1), results!F70) -> 137.72 | J72: =IF(ISNUMBER(FIND("±", results!G70)), LEFT(results!G70, FIND("±", results!G70) - 1), results!G70) -> 59.86 | K72: =IF(ISNUMBER(FIND("±", results!H70)), LEFT(results!H70, FIND("±", results!H70) - 1), results!H70) -> 15.57 | L72: =IF(ISNUMBER(FIND("±", results!I70)), LEFT(results!I70, FIND("±", results!I70) - 1), results!I70) -> 0.96 | ... P72: =IF(ISNUMBER(FIND("±", results!M70)), LEFT(results!M70, FIND("±", results!M70) - 1), results!M70) -> 0.96
D73: b | E73: =IF(ISNUMBER(FIND("±", results!B71)), LEFT(results!B71, FIND("±", results!B71) - 1), results!B71) -> 28.73 | F73: =IF(ISNUMBER(FIND("±", results!C71)), LEFT(results!C71, FIND("±", results!C71) - 1), results!C71) -> 12.46 | G73: =IF(ISNUMBER(FIND("±", results!D71)), LEFT(results!D71, FIND("±", results!D71) - 1), results!D71) -> 0.70 | H73: =IF(ISNUMBER(FIND("±", results!E71)), LEFT(results!E71, FIND("±", results!E71) - 1), results!E71) -> 1.00 | I73: =IF(ISNUMBER(FIND("±", results!F71)), LEFT(results!F71, FIND("±", results!F71) - 1), results!F71) -> 27.90 | J73: =IF(ISNUMBER(FIND("±", results!G71)), LEFT(results!G71, FIND("±", results!G71) - 1), results!G71) -> 11.08 | K73: =IF(ISNUMBER(FIND("±", results!H71)), LEFT(results!H71, FIND("±", results!H71) - 1), results!H71) -> 0.73 | L73: =IF(ISNUMBER(FIND("±", results!I71)), LEFT(results!I71, FIND("±", results!I71) - 1), results!I71) -> 1.00 | ... P73: =IF(ISNUMBER(FIND("±", results!M71)), LEFT(results!M71, FIND("±", results!M71) - 1), results!M71) -> 1.00
D74: u1 | E74: =IF(ISNUMBER(FIND("±", results!B72)), LEFT(results!B72, FIND("±", results!B72) - 1), results!B72) -> 167.51 | F74: =IF(ISNUMBER(FIND("±", results!C72)), LEFT(results!C72, FIND("±", results!C72) - 1), results!C72) -> 133.94 | G74: =IF(ISNUMBER(FIND("±", results!D72)), LEFT(results!D72, FIND("±", results!D72) - 1), results!D72) -> 4.50 | H74: =IF(ISNUMBER(FIND("±", results!E72)), LEFT(results!E72, FIND("±", results!E72) - 1), results!E72) -> 0.98 | I74: =IF(ISNUMBER(FIND("±", results!F72)), LEFT(results!F72, FIND("±", results!F72) - 1), results!F72) -> 204.82 | J74: =IF(ISNUMBER(FIND("±", results!G72)), LEFT(results!G72, FIND("±", results!G72) - 1), results!G72) -> 114.67 | K74: =IF(ISNUMBER(FIND("±", results!H72)), LEFT(results!H72, FIND("±", results!H72) - 1), results!H72) -> 5.99 | L74: =IF(ISNUMBER(FIND("±", results!I72)), LEFT(results!I72, FIND("±", results!I72) - 1), results!I72) -> 1.00 | ... P74: =IF(ISNUMBER(FIND("±", results!M72)), LEFT(results!M72, FIND("±", results!M72) - 1), results!M72) -> 1.00
D75: u2 | E75: =IF(ISNUMBER(FIND("±", results!B73)), LEFT(results!B73, FIND("±", results!B73) - 1), results!B73) -> 696.26 | F75: =IF(ISNUMBER(FIND("±", results!C73)), LEFT(results!C73, FIND("±", results!C73) - 1), results!C73) -> 621.66 | G75: =IF(ISNUMBER(FIND("±", results!D73)), LEFT(results!D73, FIND("±", results!D73) - 1), results!D73) -> 171.55 | H75: =IF(ISNUMBER(FIND("±", results!E73)), LEFT(results!E73, FIND("±", results!E73) - 1), results!E73) -> 1.00 | I75: =IF(ISNUMBER(FIND("±", results!F73)), LEFT(results!F73, FIND("±", results!F73) - 1), results!F73) -> 670.06 | J75: =IF(ISNUMBER(FIND("±", results!G73)), LEFT(results!G73, FIND("±", results!G73) - 1), results!G73) -> 427.06 | K75: =IF(ISNUMBER(FIND("±", results!H73)), LEFT(results!H73, FIND("±", results!H73) - 1), results!H73) -> 155.75 | L75: =IF(ISNUMBER(FIND("±", results!I73)), LEFT(results!I73, FIND("±", results!I73) - 1), results!I73) -> 1.00 | ... P75: =IF(ISNUMBER(FIND("±", results!M73)), LEFT(results!M73, FIND("±", results!M73) - 1), results!M73) -> 1.00
D76: w1 | E76: =IF(ISNUMBER(FIND("±", results!B74)), LEFT(results!B74, FIND("±", results!B74) - 1), results!B74) -> 88.18 | F76: =IF(ISNUMBER(FIND("±", results!C74)), LEFT(results!C74, FIND("±", results!C74) - 1), results!C74) -> 35.90 | G76: =IF(ISNUMBER(FIND("±", results!D74)), LEFT(results!D74, FIND("±", results!D74) - 1), results!D74) -> 3.73 | H76: =IF(ISNUMBER(FIND("±", results!E74)), LEFT(results!E74, FIND("±", results!E74) - 1), results!E74) -> 1.00 | I76: =IF(ISNUMBER(FIND("±", results!F74)), LEFT(results!F74, FIND("±", results!F74) - 1), results!F74) -> 198.03 | J76: =IF(ISNUMBER(FIND("±", results!G74)), LEFT(results!G74, FIND("±", results!G74) - 1), results!G74) -> 56.97 | K76: =IF(ISNUMBER(FIND("±", results!H74)), LEFT(results!H74, FIND("±", results!H74) - 1), results!H74) -> 7.81 | L76: =IF(ISNUMBER(FIND("±", results!I74)), LEFT(results!I74, FIND("±", results!I74) - 1), results!I74) -> 1.00 | ... P76: =IF(ISNUMBER(FIND("±", results!M74)), LEFT(results!M74, FIND("±", results!M74) - 1), results!M74) -> 0.78
D77: w2 | E77: =IF(ISNUMBER(FIND("±", results!B75)), LEFT(results!B75, FIND("±", results!B75) - 1), results!B75) -> 158.56 | F77: =IF(ISNUMBER(FIND("±", results!C75)), LEFT(results!C75, FIND("±", results!C75) - 1), results!C75) -> 67.97 | G77: =IF(ISNUMBER(FIND("±", results!D75)), LEFT(results!D75, FIND("±", results!D75) - 1), results!D75) -> 26.07 | H77: =IF(ISNUMBER(FIND("±", results!E75)), LEFT(results!E75, FIND("±", results!E75) - 1), results!E75) -> 1.00 | I77: =IF(ISNUMBER(FIND("±", results!F75)), LEFT(results!F75, FIND("±", results!F75) - 1), results!F75) -> 394.79 | J77: =IF(ISNUMBER(FIND("±", results!G75)), LEFT(results!G75, FIND("±", results!G75) - 1), results!G75) -> 122.95 | K77: =IF(ISNUMBER(FIND("±", results!H75)), LEFT(results!H75, FIND("±", results!H75) - 1), results!H75) -> 63.74 | L77: =IF(ISNUMBER(FIND("±", results!I75)), LEFT(results!I75, FIND("±", results!I75) - 1), results!I75) -> 1.00 | ... P77: =IF(ISNUMBER(FIND("±", results!M75)), LEFT(results!M75, FIND("±", results!M75) - 1), results!M75) -> 0.78
D81: OP
D82: P | E82: Heuristic | I82: Translation-Based
E83: Actions | F83: F-R | G83: Time | H83: SR | I83: Actions | J83: F-R | K83: Time | L83: SR
D84: d1 | E84: =IF(ISNUMBER(FIND("±", results!B82)), LEFT(results!B82, FIND("±", results!B82) - 1), results!B82) -> 72.88 | F84: =IF(ISNUMBER(FIND("±", results!C82)), LEFT(results!C82, FIND("±", results!C82) - 1), results!C82) -> 0.35 | G84: =IF(ISNUMBER(FIND("±", results!D82)), LEFT(results!D82, FIND("±", results!D82) - 1), results!D82) -> 2.83 | H84: =IF(ISNUMBER(FIND("±", results!E82)), LEFT(results!E82, FIND("±", results!E82) - 1), results!E82) -> 1 | I84: =IF(ISNUMBER(FIND("±", results!F82)), LEFT(results!F82, FIND("±", results!F82) - 1), results!F82) -> 69.65 | J84: =IF(ISNUMBER(FIND("±", results!G82)), LEFT(results!G82, FIND("±", results!G82) - 1), results!G82) -> 0.35 | K84: =IF(ISNUMBER(FIND("±", results!H82)), LEFT(results!H82, FIND("±", results!H82) - 1), results!H82) -> 3.34 | L84: =IF(ISNUMBER(FIND("±", results!I82)), LEFT(results!I82, FIND("±", results!I82) - 1), results!I82) -> 1
D85: d2 | E85: =IF(ISNUMBER(FIND("±", results!B83)), LEFT(results!B83, FIND("±", results!B83) - 1), results!B83) -> 87.76 | F85: =IF(ISNUMBER(FIND("±", results!C83)), LEFT(results!C83, FIND("±", results!C83) - 1), results!C83) -> 1.86 | G85: =IF(ISNUMBER(FIND("±", results!D83)), LEFT(results!D83, FIND("±", results!D83) - 1), results!D83) -> 5.73 | H85: =IF(ISNUMBER(FIND("±", results!E83)), LEFT(results!E83, FIND("±", results!E83) - 1), results!E83) -> 1 | I85: =IF(ISNUMBER(FIND("±", results!F83)), LEFT(results!F83, FIND("±", results!F83) - 1), results!F83) -> 82.67 | J85: =IF(ISNUMBER(FIND("±", results!G83)), LEFT(results!G83, FIND("±", results!G83) - 1), results!G83) -> 1.86 | K85: =IF(ISNUMBER(FIND("±", results!H83)), LEFT(results!H83, FIND("±", results!H83) - 1), results!H83) -> 5.87 | L85: =IF(ISNUMBER(FIND("±", results!I83)), LEFT(results!I83, FIND("±", results!I83) - 1), results!I83) -> 1
D86: d3 | E86: =IF(ISNUMBER(FIND("±", results!B84)), LEFT(results!B84, FIND("±", results!B84) - 1), results!B84) -> 140.00 | F86: =IF(ISNUMBER(FIND("±", results!C84)), LEFT(results!C84, FIND("±", results!C84) - 1), results!C84) -> 1.83 | G86: =IF(ISNUMBER(FIND("±", results!D84)), LEFT(results!D84, FIND("±", results!D84) - 1), results!D84) -> 11.44 | H86: =IF(ISNUMBER(FIND("±", results!E84)), LEFT(results!E84, FIND("±", results!E84) - 1), results!E84) -> 1 | I86: =IF(ISNUMBER(FIND("±", results!F84)), LEFT(results!F84, FIND("±", results!F84) - 1), results!F84) -> 141.61 | J86: =IF(ISNUMBER(FIND("±", results!G84)), LEFT(results!G84, FIND("±", results!G84) - 1), results!G84) -> 1.83 | K86: =IF(ISNUMBER(FIND("±", results!H84)), LEFT(results!H84, FIND("±", results!H84) - 1), results!H84) -> 17.15 | L86: =IF(ISNUMBER(FIND("±", results!I84)), LEFT(results!I84, FIND("±", results!I84) - 1), results!I84) -> 1
D87: cb1 | E87: =IF(ISNUMBER(FIND("±", results!B85)), LEFT(results!B85, FIND("±", results!B85) - 1), results!B85) -> 749.88 | F87: =IF(ISNUMBER(FIND("±", results!C85)), LEFT(results!C85, FIND("±", results!C85) - 1), results!C85) -> 0.12 | G87: =IF(ISNUMBER(FIND("±", results!D85)), LEFT(results!D85, FIND("±", results!D85) - 1), results!D85) -> 85.68 | H87: =IF(ISNUMBER(FIND("±", results!E85)), LEFT(results!E85, FIND("±", results!E85) - 1), results!E85) -> 1 | I87: =IF(ISNUMBER(FIND("±", results!F85)), LEFT(results!F85, FIND("±", results!F85) - 1), results!F85) -> 749.00 | J87: =IF(ISNUMBER(FIND("±", results!G85)), LEFT(results!G85, FIND("±", results!G85) - 1), results!G85) -> 0.10 | K87: =IF(ISNUMBER(FIND("±", results!H85)), LEFT(results!H85, FIND("±", results!H85) - 1), results!H85) -> 171.06 | L87: =IF(ISNUMBER(FIND("±", results!I85)), LEFT(results!I85, FIND("±", results!I85) - 1), results!I85) -> 1
D88: cb2 | E88: =IF(ISNUMBER(FIND("±", results!B86)), LEFT(results!B86, FIND("±", results!B86) - 1), results!B86) -> 418.45 | F88: =IF(ISNUMBER(FIND("±", results!C86)), LEFT(results!C86, FIND("±", results!C86) - 1), results!C86) -> 0.30 | G88: =IF(ISNUMBER(FIND("±", results!D86)), LEFT(results!D86, FIND("±", results!D86) - 1), results!D86) -> 92.64 | H88: =IF(ISNUMBER(FIND("±", results!E86)), LEFT(results!E86, FIND("±", results!E86) - 1), results!E86) -> 1 | I88: =IF(ISNUMBER(FIND("±", results!F86)), LEFT(results!F86, FIND("±", results!F86) - 1), results!F86) -> 498.45 | J88: =IF(ISNUMBER(FIND("±", results!G86)), LEFT(results!G86, FIND("±", results!G86) - 1), results!G86) -> 0.30 | K88: =IF(ISNUMBER(FIND("±", results!H86)), LEFT(results!H86, FIND("±", results!H86) - 1), results!H86) -> 100.37 | L88: =IF(ISNUMBER(FIND("±", results!I86)), LEFT(results!I86, FIND("±", results!I86) - 1), results!I86) -> 1
D89: cb3 | E89: =IF(ISNUMBER(FIND("±", results!B87)), LEFT(results!B87, FIND("±", results!B87) - 1), results!B87) -> 970.86 | F89: =IF(ISNUMBER(FIND("±", results!C87)), LEFT(results!C87, FIND("±", results!C87) - 1), results!C87) -> 0.07 | G89: =IF(ISNUMBER(FIND("±", results!D87)), LEFT(results!D87, FIND("±", results!D87) - 1), results!D87) -> 234.42 | H89: =IF(ISNUMBER(FIND("±", results!E87)), LEFT(results!E87, FIND("±", results!E87) - 1), results!E87) -> 1 | I89: =IF(ISNUMBER(FIND("±", results!F87)), LEFT(results!F87, FIND("±", results!F87) - 1), results!F87) -> 975.61 | J89: =IF(ISNUMBER(FIND("±", results!G87)), LEFT(results!G87, FIND("±", results!G87) - 1), results!G87) -> 0.07 | K89: =IF(ISNUMBER(FIND("±", results!H87)), LEFT(results!H87, FIND("±", results!H87) - 1), results!H87) -> 227.35 | L89: =IF(ISNUMBER(FIND("±", results!I87)), LEFT(results!I87, FIND("±", results!I87) - 1), results!I87) -> 1
D90: c | H90: =IF(ISNUMBER(FIND("±", results!E88)), LEFT(results!E88, FIND("±", results!E88) - 1), results!E88) -> 1 | L90: =IF(ISNUMBER(FIND("±", results!I88)), LEFT(results!I88, FIND("±", results!I88) - 1), results!I88) -> 1
D91: c2
D92: b | E92: =IF(ISNUMBER(FIND("±", results!B89)), LEFT(results!B89, FIND("±", results!B89) - 1), results!B89) -> 10.33 | F92: =IF(ISNUMBER(FIND("±", results!C89)), LEFT(results!C89, FIND("±", results!C89) - 1), results!C89) -> 0.00 | G92: =IF(ISNUMBER(FIND("±", results!D89)), LEFT(results!D89, FIND("±", results!D89) - 1), results!D89) -> 0.22 | H92: =IF(ISNUMBER(FIND("±", results!E89)), LEFT(results!E89, FIND("±", results!E89) - 1), results!E89) -> 1 | I92: =IF(ISNUMBER(FIND("±", results!F89)), LEFT(results!F89, FIND("±", results!F89) - 1), results!F89) -> 11.33 | J92: =IF(ISNUMBER(FIND("±", results!G89)), LEFT(results!G89, FIND("±", results!G89) - 1), results!G89) -> 1.00 | K92: =IF(ISNUMBER(FIND("±", results!H89)), LEFT(results!H89, FIND("±", results!H89) - 1), results!H89) -> 0.66 | L92: =IF(ISNUMBER(FIND("±", results!I89)), LEFT(results!I89, FIND("±", results!I89) - 1), results!I89) -> 1
D93: b15
D94: u1 | E94: =IF(ISNUMBER(FIND("±", results!B90)), LEFT(results!B90, FIND("±", results!B90) - 1), results!B90) -> 38.33 | F94: =IF(ISNUMBER(FIND("±", results!C90)), LEFT(results!C90, FIND("±", results!C90) - 1), results!C90) -> 1.00 | G94: =IF(ISNUMBER(FIND("±", results!D90)), LEFT(results!D90, FIND("±", results!D90) - 1), results!D90) -> 0.62 | H94: =IF(ISNUMBER(FIND("±", results!E90)), LEFT(results!E90, FIND("±", results!E90) - 1), results!E90) -> 1 | I94: =IF(ISNUMBER(FIND("±", results!F90)), LEFT(results!F90, FIND("±", results!F90) - 1), results!F90) -> 38.37 | J94: =IF(ISNUMBER(FIND("±", results!G90)), LEFT(results!G90, FIND("±", results!G90) - 1), results!G90) -> 2.00 | K94: =IF(ISNUMBER(FIND("±", results!H90)), LEFT(results!H90, FIND("±", results!H90) - 1), results!H90) -> 0.54 | L94: =IF(ISNUMBER(FIND("±", results!I90)), LEFT(results!I90, FIND("±", results!I90) - 1), results!I90) -> 1
D95: u2 | E95: =IF(ISNUMBER(FIND("±", results!B91)), LEFT(results!B91, FIND("±", results!B91) - 1), results!B91) -> 63.44 | F95: =IF(ISNUMBER(FIND("±", results!C91)), LEFT(results!C91, FIND("±", results!C91) - 1), results!C91) -> 1.08 | G95: =IF(ISNUMBER(FIND("±", results!D91)), LEFT(results!D91, FIND("±", results!D91) - 1), results!D91) -> 2.52 | H95: =IF(ISNUMBER(FIND("±", results!E91)), LEFT(results!E91, FIND("±", results!E91) - 1), results!E91) -> 1 | I95: =IF(ISNUMBER(FIND("±", results!F91)), LEFT(results!F91, FIND("±", results!F91) - 1), results!F91) -> 72.00 | J95: =IF(ISNUMBER(FIND("±", results!G91)), LEFT(results!G91, FIND("±", results!G91) - 1), results!G91) -> 1.76 | K95: =IF(ISNUMBER(FIND("±", results!H91)), LEFT(results!H91, FIND("±", results!H91) - 1), results!H91) -> 1.86 | L95: =IF(ISNUMBER(FIND("±", results!I91)), LEFT(results!I91, FIND("±", results!I91) - 1), results!I91) -> 1
D96: w1 | E96: =IF(ISNUMBER(FIND("±", results!B92)), LEFT(results!B92, FIND("±", results!B92) - 1), results!B92) -> 49.50 | F96: =IF(ISNUMBER(FIND("±", results!C92)), LEFT(results!C92, FIND("±", results!C92) - 1), results!C92) -> 0.71 | G96: =IF(ISNUMBER(FIND("±", results!D92)), LEFT(results!D92, FIND("±", results!D92) - 1), results!D92) -> 5.47 | H96: =IF(ISNUMBER(FIND("±", results!E92)), LEFT(results!E92, FIND("±", results!E92) - 1), results!E92) -> 1 | I96: =IF(ISNUMBER(FIND("±", results!F92)), LEFT(results!F92, FIND("±", results!F92) - 1), results!F92) -> 49.21 | J96: =IF(ISNUMBER(FIND("±", results!G92)), LEFT(results!G92, FIND("±", results!G92) - 1), results!G92) -> 0.79 | K96: =IF(ISNUMBER(FIND("±", results!H92)), LEFT(results!H92, FIND("±", results!H92) - 1), results!H92) -> 4.14 | L96: =IF(ISNUMBER(FIND("±", results!I92)), LEFT(results!I92, FIND("±", results!I92) - 1), results!I92) -> 1
D97: w2 | E97: =IF(ISNUMBER(FIND("±", results!B93)), LEFT(results!B93, FIND("±", results!B93) - 1), results!B93) -> 66.27 | F97: =IF(ISNUMBER(FIND("±", results!C93)), LEFT(results!C93, FIND("±", results!C93) - 1), results!C93) -> 1.19 | G97: =IF(ISNUMBER(FIND("±", results!D93)), LEFT(results!D93, FIND("±", results!D93) - 1), results!D93) -> 37.92 | H97: =IF(ISNUMBER(FIND("±", results!E93)), LEFT(results!E93, FIND("±", results!E93) - 1), results!E93) -> 1 | I97: =IF(ISNUMBER(FIND("±", results!F93)), LEFT(results!F93, FIND("±", results!F93) - 1), results!F93) -> 67.46 | J97: =IF(ISNUMBER(FIND("±", results!G93)), LEFT(results!G93, FIND("±", results!G93) - 1), results!G93) -> 1.23 | K97: =IF(ISNUMBER(FIND("±", results!H93)), LEFT(results!H93, FIND("±", results!H93) - 1), results!H93) -> 29.99 | L97: =IF(ISNUMBER(FIND("±", results!I93)), LEFT(results!I93, FIND("±", results!I93) - 1), results!I93) -> 1
D101: All - MT
D102: P | E102: Heuristic | I102: Translation-Based, Cost=1 | M102: Translation-Based, Cost=5 | Q102: Translation-Based, Cost=20
E103: Actions | F103: F-R | G103: Time | H103: SR | I103: Actions | J103: F-R | K103: Time | L103: SR | M103: Actions | N103: F-R | O103: Time | P103: SR | Q103: Actions | R103: F-R | S103: Time | T103: SR
D104: d1
D105: d2
D106: d3
D107: cb1 | E107: =IF(ISNUMBER(FIND("±", results!B103)), LEFT(results!B103, FIND("±", results!B103) - 1), results!B103) -> 797.95 | F107: =IF(ISNUMBER(FIND("±", results!C103)), LEFT(results!C103, FIND("±", results!C103) - 1), results!C103) -> 0.65 | G107: =IF(ISNUMBER(FIND("±", results!D103)), LEFT(results!D103, FIND("±", results!D103) - 1), results!D103) -> 56.91 | H107: =IF(ISNUMBER(FIND("±", results!E103)), LEFT(results!E103, FIND("±", results!E103) - 1), results!E103) -> 0.74 | I107: =IF(ISNUMBER(FIND("±", results!F103)), LEFT(results!F103, FIND("±", results!F103) - 1), results!F103) -> 797.95 | J107: =IF(ISNUMBER(FIND("±", results!G103)), LEFT(results!G103, FIND("±", results!G103) - 1), results!G103) -> 0.65 | K107: =IF(ISNUMBER(FIND("±", results!H103)), LEFT(results!H103, FIND("±", results!H103) - 1), results!H103) -> 58.50 | L107: =IF(ISNUMBER(FIND("±", results!I103)), LEFT(results!I103, FIND("±", results!I103) - 1), results!I103) -> 0.54 | ... T107: =IF(ISNUMBER(FIND("±", results!Q103)), LEFT(results!Q103, FIND("±", results!Q103) - 1), results!Q103) -> 0.88
D108: cb2 | E108: =IF(ISNUMBER(FIND("±", results!B104)), LEFT(results!B104, FIND("±", results!B104) - 1), results!B104) -> 499.67 | F108: =IF(ISNUMBER(FIND("±", results!C104)), LEFT(results!C104, FIND("±", results!C104) - 1), results!C104) -> 0.25 | G108: =IF(ISNUMBER(FIND("±", results!D104)), LEFT(results!D104, FIND("±", results!D104) - 1), results!D104) -> 75.10 | H108: =IF(ISNUMBER(FIND("±", results!E104)), LEFT(results!E104, FIND("±", results!E104) - 1), results!E104) -> 0.78 | I108: =IF(ISNUMBER(FIND("±", results!F104)), LEFT(results!F104, FIND("±", results!F104) - 1), results!F104) -> 463.46 | J108: =IF(ISNUMBER(FIND("±", results!G104)), LEFT(results!G104, FIND("±", results!G104) - 1), results!G104) -> 0.33 | K108: =IF(ISNUMBER(FIND("±", results!H104)), LEFT(results!H104, FIND("±", results!H104) - 1), results!H104) -> 73.36 | L108: =IF(ISNUMBER(FIND("±", results!I104)), LEFT(results!I104, FIND("±", results!I104) - 1), results!I104) -> 0.62 | ... T108: =IF(ISNUMBER(FIND("±", results!Q104)), LEFT(results!Q104, FIND("±", results!Q104) - 1), results!Q104) -> 0.84
D109: cb3
D110: c | E110: =IF(ISNUMBER(FIND("±", results!B106)), LEFT(results!B106, FIND("±", results!B106) - 1), results!B106) -> 83.46 | F110: =IF(ISNUMBER(FIND("±", results!C106)), LEFT(results!C106, FIND("±", results!C106) - 1), results!C106) -> 17.62 | G110: =IF(ISNUMBER(FIND("±", results!D106)), LEFT(results!D106, FIND("±", results!D106) - 1), results!D106) -> 4.68 | H110: =IF(ISNUMBER(FIND("±", results!E106)), LEFT(results!E106, FIND("±", results!E106) - 1), results!E106) -> 1 | I110: =IF(ISNUMBER(FIND("±", results!F106)), LEFT(results!F106, FIND("±", results!F106) - 1), results!F106) -> 83.46 | J110: =IF(ISNUMBER(FIND("±", results!G106)), LEFT(results!G106, FIND("±", results!G106) - 1), results!G106) -> 17.62 | K110: =IF(ISNUMBER(FIND("±", results!H106)), LEFT(results!H106, FIND("±", results!H106) - 1), results!H106) -> 4.88 | L110: =IF(ISNUMBER(FIND("±", results!I106)), LEFT(results!I106, FIND("±", results!I106) - 1), results!I106) -> 0.54 | ... T110: =IF(ISNUMBER(FIND("±", results!Q106)), LEFT(results!Q106, FIND("±", results!Q106) - 1), results!Q106) -> 0.94
D111: b | E111: =IF(ISNUMBER(FIND("±", results!B107)), LEFT(results!B107, FIND("±", results!B107) - 1), results!B107) -> 13.00 | F111: =IF(ISNUMBER(FIND("±", results!C107)), LEFT(results!C107, FIND("±", results!C107) - 1), results!C107) -> 2.58 | G111: =IF(ISNUMBER(FIND("±", results!D107)), LEFT(results!D107, FIND("±", results!D107) - 1), results!D107) -> 0.27 | H111: =IF(ISNUMBER(FIND("±", results!E107)), LEFT(results!E107, FIND("±", results!E107) - 1), results!E107) -> 0.84 | I111: =IF(ISNUMBER(FIND("±", results!F107)), LEFT(results!F107, FIND("±", results!F107) - 1), results!F107) -> 13.00 | J111: =IF(ISNUMBER(FIND("±", results!G107)), LEFT(results!G107, FIND("±", results!G107) - 1), results!G107) -> 2.58 | K111: =IF(ISNUMBER(FIND("±", results!H107)), LEFT(results!H107, FIND("±", results!H107) - 1), results!H107) -> 0.23 | L111: =IF(ISNUMBER(FIND("±", results!I107)), LEFT(results!I107, FIND("±", results!I107) - 1), results!I107) -> 0.86 | ... T111: =IF(ISNUMBER(FIND("±", results!Q107)), LEFT(results!Q107, FIND("±", results!Q107) - 1), results!Q107) -> 0.84
D112: u1 | E112: =IF(ISNUMBER(FIND("±", results!B108)), LEFT(results!B108, FIND("±", results!B108) - 1), results!B108) -> 46.29 | F112: =IF(ISNUMBER(FIND("±", results!C108)), LEFT(results!C108, FIND("±", results!C108) - 1), results!C108) -> 23.86 | G112: =IF(ISNUMBER(FIND("±", results!D108)), LEFT(results!D108, FIND("±", results!D108) - 1), results!D108) -> 0.54 | H112: =IF(ISNUMBER(FIND("±", results!E108)), LEFT(results!E108, FIND("±", results!E108) - 1), results!E108) -> 0.74 | I112: =IF(ISNUMBER(FIND("±", results!F108)), LEFT(results!F108, FIND("±", results!F108) - 1), results!F108) -> 46.29 | J112: =IF(ISNUMBER(FIND("±", results!G108)), LEFT(results!G108, FIND("±", results!G108) - 1), results!G108) -> 23.86 | K112: =IF(ISNUMBER(FIND("±", results!H108)), LEFT(results!H108, FIND("±", results!H108) - 1), results!H108) -> 0.53 | L112: =IF(ISNUMBER(FIND("±", results!I108)), LEFT(results!I108, FIND("±", results!I108) - 1), results!I108) -> 0.34 | ... T112: =IF(ISNUMBER(FIND("±", results!Q108)), LEFT(results!Q108, FIND("±", results!Q108) - 1), results!Q108) -> 0.86
D113: u2 | E113: =IF(ISNUMBER(FIND("±", results!B109)), LEFT(results!B109, FIND("±", results!B109) - 1), results!B109) -> 154.25 | F113: =IF(ISNUMBER(FIND("±", results!C109)), LEFT(results!C109, FIND("±", results!C109) - 1), results!C109) -> 92.58 | G113: =IF(ISNUMBER(FIND("±", results!D109)), LEFT(results!D109, FIND("±", results!D109) - 1), results!D109) -> 10.65 | H113: =IF(ISNUMBER(FIND("±", results!E109)), LEFT(results!E109, FIND("±", results!E109) - 1), results!E109) -> 0.64 | I113: =IF(ISNUMBER(FIND("±", results!F109)), LEFT(results!F109, FIND("±", results!F109) - 1), results!F109) -> 132.42 | J113: =IF(ISNUMBER(FIND("±", results!G109)), LEFT(results!G109, FIND("±", results!G109) - 1), results!G109) -> 78.92 | K113: =IF(ISNUMBER(FIND("±", results!H109)), LEFT(results!H109, FIND("±", results!H109) - 1), results!H109) -> 8.64 | L113: =IF(ISNUMBER(FIND("±", results!I109)), LEFT(results!I109, FIND("±", results!I109) - 1), results!I109) -> 0.58 | ... T113: =IF(ISNUMBER(FIND("±", results!Q109)), LEFT(results!Q109, FIND("±", results!Q109) - 1), results!Q109) -> 0.80
D114: w1 | E114: =IF(ISNUMBER(FIND("±", results!B110)), LEFT(results!B110, FIND("±", results!B110) - 1), results!B110) -> 93.80 | F114: =IF(ISNUMBER(FIND("±", results!C110)), LEFT(results!C110, FIND("±", results!C110) - 1), results!C110) -> 15.54 | G114: =IF(ISNUMBER(FIND("±", results!D110)), LEFT(results!D110, FIND("±", results!D110) - 1), results!D110) -> 2.39 | H114: =IF(ISNUMBER(FIND("±", results!E110)), LEFT(results!E110, FIND("±", results!E110) - 1), results!E110) -> 0.96 | I114: =IF(ISNUMBER(FIND("±", results!F110)), LEFT(results!F110, FIND("±", results!F110) - 1), results!F110) -> 93.03 | J114: =IF(ISNUMBER(FIND("±", results!G110)), LEFT(results!G110, FIND("±", results!G110) - 1), results!G110) -> 15.69 | K114: =IF(ISNUMBER(FIND("±", results!H110)), LEFT(results!H110, FIND("±", results!H110) - 1), results!H110) -> 2.59 | L114: =IF(ISNUMBER(FIND("±", results!I110)), LEFT(results!I110, FIND("±", results!I110) - 1), results!I110) -> 0.88 | ... T114: =IF(ISNUMBER(FIND("±", results!Q110)), LEFT(results!Q110, FIND("±", results!Q110) - 1), results!Q110) -> 0.94
D115: w2 | E115: =IF(ISNUMBER(FIND("±", results!B111)), LEFT(results!B111, FIND("±", results!B111) - 1), results!B111) -> 151.67 | F115: =IF(ISNUMBER(FIND("±", results!C111)), LEFT(results!C111, FIND("±", results!C111) - 1), results!C111) -> 31.58 | G115: =IF(ISNUMBER(FIND("±", results!D111)), LEFT(results!D111, FIND("±", results!D111) - 1), results!D111) -> 12.72 | H115: =IF(ISNUMBER(FIND("±", results!E111)), LEFT(results!E111, FIND("±", results!E111) - 1), results!E111) -> 0.86 | I115: =IF(ISNUMBER(FIND("±", results!F111)), LEFT(results!F111, FIND("±", results!F111) - 1), results!F111) -> 164.67 | J115: =IF(ISNUMBER(FIND("±", results!G111)), LEFT(results!G111, FIND("±", results!G111) - 1), results!G111) -> 34.21 | K115: =IF(ISNUMBER(FIND("±", results!H111)), LEFT(results!H111, FIND("±", results!H111) - 1), results!H111) -> 16.19 | L115: =IF(ISNUMBER(FIND("±", results!I111)), LEFT(results!I111, FIND("±", results!I111) - 1), results!I111) -> 0.64 | ... T115: =IF(ISNUMBER(FIND("±", results!Q111)), LEFT(results!Q111, FIND("±", results!Q111) - 1), results!Q111) -> 0.62
D119: All - LZ
D120: P | E120: Heuristic | I120: Translation-Based, Cost=1 | M120: Translation-Based, Cost=5 | Q120: Translation-Based, Cost=20
E121: Actions | F121: F-R | G121: Time | H121: SR | I121: Actions | J121: F-R | K121: Time | L121: SR | M121: Actions | N121: F-R | O121: Time | P121: SR | Q121: Actions | R121: F-R | S121: Time | T121: SR
D122: d1
...

Sheet results
A5: FP | Q5: FP
A6: Problem | B6: Optimisitc | E6: Pessimistic | H6: Lazy | Q6: Problem | R6: Optimisitc | U6: Pessimistic | X6: Lazy
B7: Actions | C7: Failures | D7: Time | E7: Actions | F7: Failures | G7: Time | H7: Actions | I7: Failures | J7: Time | R7: Actions | S7: Failures | T7: Time | U7: Actions | V7: Failures | W7: Time | X7: Actions | Y7: Failures | Z7: Time
A8: doors-11 | B8: 93.00 ± 19.52 | C8: 2.02 ± 0.91 | D8: 1.03 ± 0.30 | E8: 140.72 ± 33.60 | F8: 0.00 ± 0.00 | G8: 3.13 ± 0.92 | H8: 73.96 ± 17.99 | I8: 0.10 ± 0.30 | J8: 0.77 ± 0.22 | Q8: doors-11 | R8: 89.84 ± 22.08 | S8: 2.00 ± 0.92 | T8: 1.10 ± 0.39 | U8: 131.80 ± 20.63 | V8: 0.00 ± 0.00 | W8: 3.35 ± 0.64 | X8: 73.62 ± 20.34 | Y8: 0.08 ± 0.27 | Z8: 0.87 ± 0.31
A9: doors-13 | B9: 109.82 ± 17.46 | C9: 3.16 ± 1.10 | D9: 1.94 ± 0.48 | E9: 151.78 ± 24.48 | F9: 0.00 ± 0.00 | G9: 5.41 ± 1.13 | H9: 88.24 ± 17.45 | I9: 0.32 ± 0.58 | J9: 1.33 ± 0.34 | Q9: doors-13 | R9: 110.86 ± 22.42 | S9: 3.12 ± 1.09 | T9: 2.09 ± 0.64 | U9: 145.08 ± 28.30 | V9: 0.00 ± 0.00 | W9: 5.40 ± 1.37 | X9: 88.46 ± 16.73 | Y9: 0.40 ± 0.57 | Z9: 1.65 ± 0.44
A10: doors-15 | B10: 175.70 ± 38.40 | C10: 3.40 ± 1.18 | D10: 4.01 ± 1.18 | E10: 247.32 ± 50.64 | F10: 0.00 ± 0.00 | G10: 11.45 ± 3.00 | H10: 141.32 ± 28.94 | I10: 0.14 ± 0.35 | J10: 2.71 ± 0.86 | Q10: doors-15 | R10: 155.62 ± 46.44 | S10: 2.94 ± 1.05 | T10: 6.40 ± 2.54 | U10: 230.16 ± 55.47 | V10: 0.00 ± 0.00 | W10: 17.37 ± 5.04 | X10: 134.76 ± 33.04 | Y10: 0.14 ± 0.40 | Z10: 6.52 ± 1.97
A11: colorballs-9-3 | B11: 694.66 ± 171.02 | C11: 3.64 ± 1.72 | D11: 47.25 ± 15.10 | E11: 784.64 ± 216.71 | F11: 0.00 ± 0.00 | G11: 57.78 ± 20.21 | H11: 738.94 ± 246.54 | I11: 0.88 ± 1.03 | J11: 49.58 ± 20.70 | Q11: colorballs-9-3 | R11: 747.32 ± 215.61 | S11: 3.94 ± 1.74 | T11: 83.91 ± 33.00 | U11: 800.86 ± 200.77 | V11: 0.00 ± 0.00 | W11: 92.27 ± 29.88 | X11: 726.44 ± 232.81 | Y11: 1.06 ± 0.99 | Z11: 79.75 ± 34.50
A12: colorballs-11-1 | B12: 468.30 ± 241.03 | C12: 1.24 ± 1.05 | D12: 67.14 ± 35.31 | E12: 491.42 ± 267.43 | F12: 0.00 ± 0.00 | G12: 79.38 ± 41.21 | H12: 464.86 ± 262.84 | I12: 0.44 ± 0.67 | J12: 65.27 ± 38.90 | Q12: colorballs-11-1 | R12: 419.46 ± 235.02 | S12: 1.30 ± 0.94 | T12: 89.76 ± 50.73 | U12: 428.26 ± 260.79 | V12: 0.00 ± 0.00 | W12: 99.91 ± 55.78 | X12: 489.72 ± 228.41 | Y12: 0.34 ± 0.59 | Z12: 99.00 ± 48.14
A13: colorballs-11-2 | B13: 888.42 ± 272.67 | C13: 2.48 ± 1.32 | D13: 149.29 ± 54.29 | E13: 936.42 ± 347.47 | F13: 0.00 ± 0.00 | G13: 160.43 ± 63.74 | H13: 956.64 ± 350.89 | I13: 0.52 ± 0.70 | J13: 157.74 ± 67.21 | Q13: colorballs-11-2 | R13: 838.54 ± 308.85 | S13: 2.72 ± 1.34 | T13: 227.58 ± 95.52 | U13: 876.26 ± 360.32 | V13: 0.00 ± 0.00 | W13: 241.60 ± 106.79 | X13: 884.16 ± 349.58 | Y13: 0.54 ± 0.70 | Z13: 228.66 ± 102.70
A14: cloghuge | B14: 143.70 ± 15.14 | C14: 80.14 ± 7.05 | D14: 11.16 ± 2.98 | E14: 189.48 ± 6.95 | F14: 0.00 ± 0.00 | G14: 23.12 ± 2.07 | H14: 79.60 ± 12.89 | I14: 16.16 ± 4.46 | J14: 3.69 ± 1.26
A15: cloghuge2 | Q15: cloghuge | R15: 134.04 ± 18.30 | S15: 75.40 ± 8.93 | T15: 11.62 ± 3.06 | U15: 182.90 ± 15.12 | V15: 0.00 ± 0.00 | W15: 27.10 ± 3.38 | X15: 76.52 ± 12.56 | Y15: 15.98 ± 4.35 | Z15: 4.84 ± 2.04
A16: blocks7 | B16: 27.17 ± 4.53 | C16: 11.42 ± 3.25 | D16: 0.35 ± 0.10 | E16: 23.54 ± 1.84 | F16: 0.00 ± 0.00 | G16: 0.35 ± 0.04 | H16: 13.33 ± 2.30 | I16: 2.88 ± 1.45 | J16: 0.16 ± 0.09 | Q16: blocks7 | R16: 27.96 ± 4.75 | S16: 11.86 ± 3.28 | T16: 0.53 ± 0.15 | U16: 23.62 ± 1.65 | V16: 0.00 ± 0.00 | W16: 0.51 ± 0.05 | X16: 13.26 ± 2.14 | Y16: 2.52 ± 1.15 | Z16: 0.20 ± 0.06
A17: blocks15
A18: unix2 | B18: 184.12 ± 62.39 | C18: 148.52 ± 49.04 | D18: 3.46 ± 1.42 | E18: 193.92 ± 68.22 | F18: 0.00 ± 0.00 | G18: 5.72 ± 2.03 | H18: 61.66 ± 26.09 | I18: 28.62 ± 11.56 | J18: 0.51 ± 0.23 | Q18: unix2 | R18: 161.00 ± 68.25 | S18: 130.78 ± 53.84 | T18: 4.20 ± 2.18 | U18: 173.68 ± 78.55 | V18: 0.00 ± 0.00 | W18: 6.84 ± 3.19 | X18: 58.20 ± 28.18 | Y18: 27.04 ± 12.28 | Z18: 0.83 ± 0.39
A19: unix3 | B19: 675.10 ± 281.13 | C19: 604.26 ± 250.70 | D19: 126.98 ± 73.03 | E19: 634.76 ± 316.77 | F19: 0.00 ± 0.00 | G19: 194.14 ± 108.19 | H19: 193.46 ± 91.05 | I19: 118.76 ± 52.85 | J19: 10.51 ± 5.79 | Q19: unix3 | R19: 635.88 ± 317.98 | S19: 566.43 ± 281.78 | T19: 171.00 ± 121.36 | U19: 765.49 ± 276.43 | V19: 0.00 ± 0.00 | W19: 342.86 ± 142.80 | X19: 198.94 ± 99.45 | Y19: 119.73 ± 56.20 | Z19: 16.07 ± 9.04
A20: wumpus10 | B20: 111.70 ± 64.96 | C20: 44.76 ± 25.29 | D20: 4.24 ± 2.83 | E20: 112.70 ± 64.96 | F20: 0.00 ± 0.00 | G20: 4.51 ± 2.94 | H20: 96.44 ± 24.15 | I20: 16.28 ± 4.82 | J20: 1.79 ± 0.48 | Q20: wumpus10 | R20: 93.06 ± 63.04 | S20: 37.82 ± 24.81 | T20: 4.08 ± 3.36 | U20: 94.06 ± 63.04 | V20: 0.00 ± 0.00 | W20: 4.83 ± 3.81 | X20: 80.50 ± 30.98 | Y20: 14.52 ± 5.86 | Z20: 2.37 ± 1.04
A21: wumpus15 | B21: 144.54 ± 114.33 | C21: 62.50 ± 47.82 | D21: 20.34 ± 19.99 | E21: 145.54 ± 114.33 | F21: 0.00 ± 0.00 | G21: 23.43 ± 21.41 | H21: 171.86 ± 55.02 | I21: 35.50 ± 10.54 | J21: 12.49 ± 4.65 | Q21: wumpus15 | R21: 164.88 ± 127.28 | S21: 71.02 ± 52.88 | T21: 32.44 ± 33.81 | U21: 165.88 ± 127.28 | V21: 0.00 ± 0.00 | W21: 38.18 ± 36.85 | X21: 161.24 ± 56.15 | Y21: 33.40 ± 11.49 | Z21: 23.67 ± 9.03
A25: FN | S25: FN
A26: Problem | B26: Optimisitc | F26: Pessimistic | J26: Lazy | N26: MakeTrue | S26: Problem | T26: Optimisitc | X26: Pessimistic | AB26: Lazy | AF26: MakeTrue
B27: Actions | C27: Failures | D27: Time | E27: SR | F27: Actions | G27: Failures | H27: Time | I27: SR | J27: Actions | K27: Failures | L27: Time | M27: SR | N27: Actions | O27: Failures | P27: Time | Q27: SR | T27: Actions | U27: Failures | V27: Time | W27: SR | X27: Actions | Y27: Failures | Z27: Time | AA27: SR | AB27: Actions | AC27: Failures | AD27: Time | AE27: SR | AF27: Actions | AG27: Failures | AH27: Time | AI27: SR
A28: doors-11 | B28: 94.34 ± 19.74 | C28: 2.08 ± 0.82 | D28: 0.77 ± 0.22 | E28: 1 | F28: 136.28 ± 32.19 | G28: 0.00 ± 0.00 | H28: 2.20 ± 0.54 | I28: 1 | J28: 101.78 ± 25.38 | K28: 0.00 ± 0.00 | L28: 1.60 ± 0.48 | M28: 1 | N28: 85.02 ± 18.97 | O28: 0.00 ± 0.00 | P28: 2.62 ± 0.64 | Q28: 1 | S28: doors-11 | T28: 88.27 ± 23.48 | U28: 1.96 ± 0.89 | V28: 0.96 ± 0.32 | W28: 1 | X28: 136.12 ± 29.87 | Y28: 0.00 ± 0.00 | Z28: 3.05 ± 0.72 | AA28: 1 | AB28: 94.42 ± 23.38 | AC28: 0.00 ± 0.00 | AD28: 1.50 ± 0.47 | AE28: 1 | AF28: 82.42 ± 17.56 | AG28: 0.00 ± 0.00 | AH28: 2.50 ± 0.66 | AI28: 1
A29: doors-13 | B29: 107.81 ± 25.86 | C29: 3.08 ± 1.17 | D29: 1.41 ± 0.48 | E29: 1 | F29: 144.46 ± 30.30 | G29: 0.00 ± 0.00 | H29: 3.84 ± 0.94 | I29: 1 | J29: 113.62 ± 24.75 | K29: 0.00 ± 0.00 | L29: 2.92 ± 0.83 | M29: 1 | N29: 103.58 ± 27.66 | O29: 0.00 ± 0.00 | P29: 4.87 ± 1.43 | Q29: 0.96 | S29: doors-13 | T29: 107.91 ± 19.95 | U29: 3.27 ± 1.12 | V29: 2.12 ± 0.51 | W29: 1 | X29: 149.16 ± 22.72 | Y29: 0.00 ± 0.00 | Z29: 5.61 ± 0.93 | AA29: 1 | AB29: 109.24 ± 25.21 | AC29: 0.00 ± 0.00 | AD29: 3.00 ± 0.89 | AE29: 1 | AF29: 98.87 ± 23.04 | AG29: 0.00 ± 0.00 | AH29: 5.32 ± 1.54 | AI29: 1
A30: doors-15 | B30: 174.45 ± 32.52 | C30: 3.43 ± 1.20 | D30: 4.15 ± 1.10 | E30: 1 | F30: 236.70 ± 61.19 | G30: 0.00 ± 0.00 | H30: 10.74 ± 3.38 | I30: 1 | J30: 188.04 ± 39.44 | K30: 0.00 ± 0.00 | L30: 7.95 ± 2.01 | M30: 1 | N30: 146.70 ± 48.84 | O30: 0.00 ± 0.00 | P30: 12.58 ± 5.70 | Q30: 0.94 | S30: doors-15 | T30: 162.73 ± 29.43 | U30: 3.22 ± 1.05 | V30: 4.48 ± 1.11 | W30: 1 | X30: 236.94 ± 56.29 | Y30: 0.00 ± 0.00 | Z30: 12.32 ± 4.28 | AA30: 1 | AB30: 175.88 ± 39.40 | AC30: 0.00 ± 0.00 | AD30: 7.21 ± 1.98 | AE30: 1 | AF30: 138.37 ± 40.40 | AG30: 0.00 ± 0.00 | AH30: 11.51 ± 5.19 | AI30: 1
A31: colorballs-9-3 | B31: 727.48 ± 243.78 | C31: 3.52 ± 1.46 | D31: 68.54 ± 27.30 | E31: 1 | F31: 754.84 ± 250.07 | G31: 0.00 ± 0.00 | H31: 70.95 ± 27.66 | I31: 1 | J31: 728.71 ± 230.72 | K31: 0.00 ± 0.00 | L31: 69.22 ± 26.67 | M31: 1 | N31: 723.35 ± 239.65 | O31: 0.00 ± 0.00 | P31: 75.43 ± 28.23 | Q31: 0.62 | S31: colorballs-9-3 | T31: 701.68 ± 167.25 | U31: 3.96 ± 1.28 | V31: 74.69 ± 22.55 | W31: 1.00 | X31: 879.92 ± 162.38 | Y31: 0.00 ± 0.00 | Z31: 100.61 ± 22.33 | AA31: 1.00 | AB31: 770.42 ± 207.47 | AC31: 0.00 ± 0.00 | AD31: 88.29 ± 27.67 | AE31: 1.00 | AF31: 685.90 ± 135.80 | AG31: 0.00 ± 0.00 | AH31: 75.65 ± 17.99 | AI31: 1
A32: colorballs-11-1 | B32: 386.43 ± 263.36 | C32: 1.14 ± 1.02 | D32: 150.52 ± 101.09 | E32: 1 | F32: 574.22 ± 248.23 | G32: 0.00 ± 0.00 | H32: 238.08 ± 93.07 | I32: 1 | J32: 398.49 ± 298.27 | K32: 0.00 ± 0.00 | L32: 169.22 ± 127.96 | M32: 1 | N32: 396.95 ± 297.32 | O32: 0.00 ± 0.00 | P32: 161.18 ± 120.62 | Q32: 0.74 | S32: colorballs-11-1 | T32: 551.14 ± 222.97 | U32: 1.38 ± 0.95 | V32: 136.72 ± 57.40 | W32: 1.00 | X32: 520.19 ± 192.05 | Y32: 0.00 ± 0.00 | Z32: 138.50 ± 45.88 | AA32: 1.00 | AB32: 462.81 ± 351.41 | AC32: 0.00 ± 0.00 | AD32: 133.48 ± 95.58 | AE32: 1.00 | AF32: 463.65 ± 308.59 | AG32: 0.00 ± 0.00 | AH32: 137.25 ± 82.38 | AI32: 1.00
A33: colorballs-11-2 | B33: 937.09 ± 273.39 | C33: 2.38 ± 1.45 | D33: 227.57 ± 73.91 | E33: 1 | F33: 909.34 ± 311.61 | G33: 0.00 ± 0.00 | H33: 231.31 ± 77.61 | I33: 1 | J33: 919.50 ± 381.52 | K33: 0.00 ± 0.00 | L33: 213.79 ± 94.50 | M33: 1 | N33: 830.06 ± 382.45 | O33: 0.00 ± 0.00 | P33: 192.95 ± 86.85 | Q33: 0.64 | S33: colorballs-11-2
A34: cloghuge | B34: 138.46 ± 17.85 | C34: 78.58 ± 8.72 | D34: 11.73 ± 2.46 | E34: 1 | F34: 184.30 ± 11.99 | G34: 0.00 ± 0.00 | H34: 24.75 ± 2.80 | I34: 1 | J34: 111.36 ± 42.55 | K34: 0.00 ± 0.00 | L34: 13.58 ± 9.12 | M34: 1 | N34: 73.88 ± 14.02 | O34: 0.00 ± 0.00 | P34: 6.13 ± 2.90 | Q34: 1 | S34: cloghuge | T34: 135.08 ± 16.73 | U34: 76.44 ± 9.70 | V34: 12.65 ± 2.64 | W34: 1 | X34: 180.94 ± 16.52 | Y34: 0.00 ± 0.00 | Z34: 26.80 ± 3.78 | AA34: 1 | AB34: 121.74 ± 39.70 | AC34: 0.00 ± 0.00 | AD34: 16.45 ± 8.35 | AE34: 1 | AF34: 76.20 ± 9.55 | AG34: 0.00 ± 0.00 | AH34: 7.09 ± 1.76 | AI34: 1
A35: blocks7 | B35: 28.34 ± 5.24 | C35: 12.18 ± 3.70 | D35: 0.46 ± 0.12 | E35: 1 | F35: 24.16 ± 1.94 | G35: 0.00 ± 0.00 | H35: 0.44 ± 0.04 | I35: 1 | J35: 10.60 ± 3.20 | K35: 0.00 ± 0.00 | L35: 0.17 ± 0.12 | M35: 1 | N35: 10.50 ± 3.01 | O35: 0.00 ± 0.00 | P35: 0.20 ± 0.17 | Q35: 1 | S35: blocks7 | T35: 29.60 ± 5.17 | U35: 12.84 ± 3.07 | V35: 0.52 ± 0.10 | W35: 1 | X35: 24.28 ± 1.70 | Y35: 0.00 ± 0.00 | Z35: 0.53 ± 0.05 | AA35: 1 | AB35: 17.00 ± 0.00 | AC35: 0.00 ± 0.00 | AD35: 0.41 ± 0.01 | AE35: 1 | AF35: 16.52 ± 0.50 | AG35: 0.00 ± 0.00 | AH35: 0.52 ± 0.05 | AI35: 1
A36: unix2 | B36: 185.42 ± 66.04 | C36: 149.80 ± 51.57 | D36: 4.41 ± 1.83 | E36: 1 | F36: 197.68 ± 68.42 | G36: 0.00 ± 0.00 | H36: 6.53 ± 2.20 | I36: 1 | J36: 88.36 ± 84.98 | K36: 0.00 ± 0.00 | L36: 2.60 ± 2.84 | M36: 1 | N36: 71.94 ± 65.67 | O36: 0.00 ± 0.00 | P36: 3.10 ± 3.67 | Q36: 1 | S36: unix2 | T36: 166.86 ± 72.07 | U36: 134.68 ± 56.37 | V36: 4.68 ± 2.37 | W36: 1 | X36: 191.80 ± 64.95 | Y36: 0.00 ± 0.00 | Z36: 7.47 ± 2.43 | AA36: 1 | AB36: 87.29 ± 79.17 | AC36: 0.00 ± 0.00 | AD36: 2.52 ± 2.85 | AE36: 1 | AF36: 60.84 ± 48.61 | AG36: 0.00 ± 0.00 | AH36: 2.31 ± 2.77 | AI36: 1
A37: unix3 | B37: 653.36 ± 313.81 | C37: 581.52 ± 277.10 | D37: 143.15 ± 99.22 | E37: 1 | F37: 749.72 ± 294.20 | G37: 0.00 ± 0.00 | H37: 262.53 ± 110.89 | I37: 1 | J37: 425.04 ± 385.62 | K37: 0.00 ± 0.00 | L37: 82.54 ± 78.64 | M37: 1 | N37: 268.68 ± 239.70 | O37: 0.00 ± 0.00 | P37: 78.44 ± 87.61 | Q37: 1 | S37: unix3 | T37: 641.08 ± 296.93 | U37: 572.88 ± 263.49 | V37: 174.30 ± 115.87 | W37: 1.00 | X37: 736.06 ± 282.71 | Y37: 0.00 ± 0.00 | Z37: 298.73 ± 123.03 | AA37: 1.00 | AB37: 360.23 ± 372.78 | AC37: 0.00 ± 0.00 | AD37: 86.96 ± 97.34 | AE37: 1.00 | AF37: 257.42 ± 260.81 | AG37: 0.00 ± 0.00 | AH37: 89.12 ± 116.40 | AI37: 1.00
A38: wumpus10 | B38: 91.67 ± 63.19 | C38: 37.00 ± 24.41 | D38: 3.57 ± 3.03 | E38: 1 | F38: 92.78 ± 63.24 | G38: 0.00 ± 0.00 | H38: 3.76 ± 2.71 | I38: 1 | J38: 50.40 ± 18.99 | K38: 0.00 ± 0.00 | L38: 1.20 ± 1.14 | M38: 1 | N38: 51.04 ± 21.20 | O38: 0.00 ± 0.00 | P38: 1.44 ± 1.85 | Q38: 0.9 | S38: wumpus10
A39: wumpus15 | B39: 181.33 ± 151.10 | C39: 77.87 ± 63.49 | D39: 32.05 ± 34.30 | E39: 1 | F39: 182.33 ± 151.10 | G39: 0.00 ± 0.00 | H39: 31.89 ± 28.78 | I39: 1 | J39: 74.67 ± 36.00 | K39: 0.00 ± 0.00 | L39: 9.84 ± 10.95 | M39: 1 | N39: 85.69 ± 53.12 | O39: 0.00 ± 0.00 | P39: 14.95 ± 22.88 | Q39: 1 | S39: wumpus15
A43: FB
A44: Problem | B44: Optimisitc | F44: Lazy | J44: MakeTrue
B45: Actions | C45: Failures | D45: Time | E45: SR | F45: Actions | G45: Failures | H45: Time | I45: SR | J45: Actions | K45: Failures | L45: Time | M45: SR
A46: doors-11 | B46: 92.06 ± 20.06 | C46: 2.06 ± 0.87 | D46: 1.17 ± 0.36 | E46: 1 | F46: 99.90 ± 25.10 | G46: 0.39 ± 0.53 | H46: 2.37 ± 0.72 | I46: 1 | J46: 83.31 ± 15.40 | K46: 0.53 ± 0.67 | L46: 3.48 ± 0.72 | M46: 0.98
A47: doors-13 | B47: 105.29 ± 25.07 | C47: 2.88 ± 1.15 | D47: 2.29 ± 0.77 | E47: 1 | F47: 107.55 ± 22.14 | G47: 0.65 ± 0.80 | H47: 3.96 ± 0.94 | I47: 1 | J47: 100.61 ± 26.47 | K47: 0.94 ± 0.91 | L47: 6.97 ± 2.19 | M47: 0.98
A48: doors-15 | B48: 165.73 ± 39.71 | C48: 3.08 ± 1.14 | D48: 6.25 ± 1.89 | E48: 1 | F48: 188.20 ± 38.19 | G48: 0.86 ± 0.88 | H48: 12.19 ± 3.03 | I48: 1 | J48: 142.84 ± 36.69 | K48: 0.76 ± 0.87 | L48: 17.85 ± 5.48 | M48: 0.98
A49: colorballs-9-3 | B49: 681.85 ± 184.12 | C49: 4.65 ± 1.62 | D49: 50.45 ± 17.35 | E49: 1 | F49: 689.59 ± 262.47 | G49: 1.06 ± 0.91 | H49: 51.48 ± 26.64 | I49: 1 | J49: 688.47 ± 261.85 | K49: 1.03 ± 0.86 | L49: 52.18 ± 26.11 | M49: 0.68
A50: colorballs-11-1 | B50: 460.55 ± 255.13 | C50: 1.21 ± 1.04 | D50: 72.15 ± 39.33 | E50: 1 | F50: 474.71 ± 236.76 | G50: 0.24 ± 0.48 | H50: 76.55 ± 41.19 | I50: 1 | J50: 397.71 ± 246.33 | K50: 0.29 ± 0.50 | L50: 63.03 ± 36.17 | M50: 0.84
A51: colorballs-11-2 | B51: 874.71 ± 289.18 | C51: 2.93 ± 1.32 | D51: 157.47 ± 60.34 | E51: 1 | F51: 938.31 ± 272.31 | G51: 0.79 ± 0.71 | H51: 171.05 ± 54.05 | I51: 1 | J51: 901.62 ± 286.95 | K51: 0.79 ± 0.71 | L51: 170.30 ± 54.87 | M51: 0.84
A52: cloghuge | B52: 136.28 ± 17.31 | C52: 76.96 ± 8.68 | D52: 18.61 ± 3.88 | E52: 1 | F52: 97.24 ± 28.90 | G52: 16.32 ± 3.97 | H52: 15.13 ± 11.12 | I52: 1 | J52: 85.08 ± 13.81 | K52: 15.98 ± 3.93 | L52: 9.96 ± 3.37 | M52: 1
A53: blocks7 | B53: 28.78 ± 5.15 | C53: 12.67 ± 3.61 | D53: 0.70 ± 0.19 | E53: 1 | F53: 14.91 ± 3.40 | G53: 2.93 ± 1.51 | H53: 0.38 ± 0.29 | I53: 0.9 | J53: 15.13 ± 3.59 | K53: 3.00 ± 1.53 | L53: 0.39 ± 0.29 | M53: 0.92
A54: unix2 | B54: 175.66 ± 64.60 | C54: 141.48 ± 50.89 | D54: 6.47 ± 2.83 | E54: 1 | F54: 96.22 ± 82.80 | G54: 27.26 ± 13.95 | H54: 3.32 ± 3.79 | I54: 1 | J54: 86.98 ± 68.54 | K54: 26.16 ± 13.24 | L54: 4.11 ± 4.72 | M54: 1
A55: unix3 | B55: 748.22 ± 269.35 | C55: 666.18 ± 234.52 | D55: 266.56 ± 141.73 | E55: 1 | F55: 425.86 ± 353.46 | G55: 125.38 ± 55.49 | H55: 92.98 ± 101.20 | I55: 1 | J55: 356.50 ± 290.09 | K55: 122.14 ± 55.42 | L55: 104.13 ± 128.38 | M55: 1
A56: wumpus10 | B56: 88.15 ± 52.94 | C56: 35.78 ± 21.04 | D56: 5.24 ± 3.89 | E56: 1 | F56: 98.76 ± 32.09 | G56: 16.39 ± 4.73 | H56: 4.17 ± 2.24 | I56: 1 | J56: 100.83 ± 38.32 | K56: 16.39 ± 4.73 | L56: 4.78 ± 4.16 | M56: 0.92
A57: wumpus15 | B57: 166.43 ± 134.54 | C57: 71.64 ± 56.45 | D57: 45.70 ± 48.28 | E57: 1 | F57: 186.86 ± 68.57 | G57: 36.30 ± 11.26 | H57: 32.39 ± 16.13 | I57: 1 | J57: 183.80 ± 60.89 | K57: 36.30 ± 11.26 | L57: 35.55 ± 17.88 | M57: 0.88
A61: FB - HIGH
A62: Problem | B62: Optimisitc | F62: Lazy | J62: MakeTrue
B63: Actions | C63: Failures | D63: Time | E63: SR | F63: Actions | G63: Failures | H63: Time | I63: SR | J63: Actions | K63: Failures | L63: Time | M63: SR
A64: doors-11 | B64: 93.62 ± 20.25 | C64: 2.19 ± 0.84 | D64: 0.91 ± 0.30 | E64: 1.00 | F64: 118.49 ± 21.13 | G64: 1.70 ± 0.90 | H64: 2.51 ± 0.57 | I64: 1.00 | J64: 100.64 ± 20.02 | K64: 2.17 ± 0.97 | L64: 3.84 ± 0.73 | M64: 0.94
A65: doors-13 | B65: 107.62 ± 16.75 | C65: 3.16 ± 0.97 | D65: 1.38 ± 0.29 | E65: 1.00 | F65: 134.24 ± 26.64 | G65: 2.19 ± 1.09 | H65: 4.02 ± 0.94 | I65: 1.00 | J65: 119.43 ± 29.50 | K65: 3.11 ± 0.98 | L65: 7.06 ± 2.11 | M65: 0.74
A66: doors-15 | B66: 166.86 ± 38.36 | C66: 3.27 ± 1.17 | D66: 3.99 ± 1.14 | E66: 1.00 | F66: 209.05 ± 45.25 | G66: 2.05 ± 0.98 | H66: 11.44 ± 3.03 | I66: 1.00 | J66: 151.95 ± 35.40 | K66: 3.05 ± 1.36 | L66: 19.53 ± 7.34 | M66: 0.44
A67: colorballs-9-3 | B67: 736.55 ± 220.35 | C67: 3.70 ± 1.14 | D67: 54.01 ± 21.00 | E67: 1.00 | F67: 729.90 ± 206.64 | G67: 3.60 ± 1.59 | H67: 53.60 ± 19.56 | I67: 1.00 | J67: 738.80 ± 236.19 | K67: 3.70 ± 1.49 | L67: 55.70 ± 22.64 | M67: 0.40
A68: colorballs-11-1 | B68: 442.12 ± 217.45 | C68: 1.59 ± 1.07 | D68: 65.77 ± 34.13 | E68: 1.00 | F68: 482.65 ± 223.52 | G68: 1.84 ± 0.96 | H68: 75.94 ± 35.39 | I68: 1.00 | J68: 479.37 ± 222.28 | K68: 1.84 ± 0.96 | L68: 74.20 ± 35.21 | M68: 0.98
A69: colorballs-11-2 | B69: 872.54 ± 349.59 | C69: 2.43 ± 1.70 | D69: 155.70 ± 71.28 | E69: 1.00 | F69: 1005.25 ± 408.32 | G69: 2.82 ± 1.17 | H69: 187.35 ± 85.14 | I69: 1.00 | J69: 1003.36 ± 394.89 | K69: 2.89 ± 1.21 | L69: 189.53 ± 83.00 | M69: 0.56
A70: cloghuge | B70: 135.82 ± 17.72 | C70: 76.44 ± 9.33 | D70: 12.37 ± 2.79 | E70: 1.00 | F70: 137.72 ± 19.21 | G70: 59.86 ± 7.11 | H70: 15.57 ± 3.28 | I70: 0.96 | J70: 131.00 ± 16.31 | K70: 58.40 ± 7.04 | L70: 13.22 ± 1.95 | M70: 0.96
A71: blocks7 | B71: 28.73 ± 5.04 | C71: 12.46 ± 3.50 | D71: 0.70 ± 0.23 | E71: 1.00 | F71: 27.90 ± 5.31 | G71: 11.08 ± 2.48 | H71: 0.73 ± 0.25 | I71: 1.00 | J71: 27.81 ± 5.14 | K71: 11.08 ± 2.48 | L71: 0.77 ± 0.21 | M71: 1.00
A72: unix2 | B72: 167.51 ± 73.74 | C72: 133.94 ± 57.69 | D72: 4.50 ± 2.35 | E72: 0.98 | F72: 204.82 ± 73.23 | G72: 114.67 ± 35.80 | H72: 5.99 ± 2.51 | I72: 1.00 | J72: 196.73 ± 65.62 | K72: 112.43 ± 30.17 | L72: 7.12 ± 3.06 | M72: 1.00
A73: unix3 | B73: 696.26 ± 276.71 | C73: 621.66 ± 245.08 | D73: 171.55 ± 98.21 | E73: 1.00 | F73: 670.06 ± 327.80 | G73: 427.06 ± 184.70 | H73: 155.75 ± 106.17 | I73: 1.00 | J73: 757.30 ± 309.10 | K73: 464.96 ± 165.59 | L73: 225.52 ± 125.68 | M73: 1.00
A74: wumpus10 | B74: 88.18 ± 62.29 | C74: 35.90 ± 24.92 | D74: 3.73 ± 3.06 | E74: 1.00 | F74: 198.03 ± 59.36 | G74: 56.97 ± 12.63 | H74: 7.81 ± 2.15 | I74: 1.00 | J74: 197.90 ± 59.29 | K74: 56.97 ± 12.63 | L74: 8.92 ± 3.06 | M74: 0.78
A75: wumpus15 | B75: 158.56 ± 133.01 | C75: 67.97 ± 55.16 | D75: 26.07 ± 29.46 | E75: 1.00 | F75: 394.79 ± 169.31 | G75: 122.95 ± 44.65 | H75: 63.74 ± 27.77 | I75: 1.00 | J75: 397.72 ± 172.01 | K75: 122.95 ± 44.65 | L75: 76.88 ± 38.26 | M75: 0.78
A79: OP | J79: todo fix the way this works in new setup
A80: Problem | B80: Heuristic | F80: Translation-Based
B81: Actions | C81: Failures | D81: Time | E81: SR | F81: Actions | G81: Failures | H81: Time | I81: SR
A82: doors-11 | B82: 72.88 ± 17.15 | C82: 0.35 ± 0.97 | D82: 2.83 ± 0.36 | E82: 1 | F82: 69.65 ± 17.36 | G82: 0.35 ± 0.97 | H82: 3.34 ± 0.67 | I82: 1
A83: doors-13 | B83: 87.76 ± 17.20 | C83: 1.86 ± 1.46 | D83: 5.73 ± 0.66 | E83: 1 | F83: 82.67 ± 15.73 | G83: 1.86 ± 1.46 | H83: 5.87 ± 2.09 | I83: 1
A84: doors-15 | B84: 140.00 ± 32.34 | C84: 1.83 ± 1.46 | D84: 11.44 ± 2.11 | E84: 1 | F84: 141.61 ± 21.54 | G84: 1.83 ± 1.46 | H84: 17.15 ± 12.44 | I84: 1
A85: colorballs-9-3 | B85: 749.88 ± 154.35 | C85: 0.12 ± 0.32 | D85: 85.68 ± 18.51 | E85: 1 | F85: 749.00 ± 184.64 | G85: 0.10 ± 0.30 | H85: 171.06 ± 65.98 | I85: 1
A86: colorballs-11-1 | B86: 418.45 ± 255.58 | C86: 0.30 ± 0.46 | D86: 92.64 ± 40.92 | E86: 1 | F86: 498.45 ± 240.66 | G86: 0.30 ± 0.46 | H86: 100.37 ± 63.01 | I86: 1
A87: colorballs-11-2 | B87: 970.86 ± 312.53 | C87: 0.07 ± 0.26 | D87: 234.42 ± 60.13 | E87: 1 | F87: 975.61 ± 304.01 | G87: 0.07 ± 0.26 | H87: 227.35 ± 105.48 | I87: 1
A88: cloghuge | E88: 1 | I88: 1
A89: blocks7 | B89: 10.33 ± 1.89 | C89: 0.00 ± 0.00 | D89: 0.22 ± 0.01 | E89: 1 | F89: 11.33 ± 1.89 | G89: 1.00 ± 0.00 | H89: 0.66 ± 0.10 | I89: 1 | J89: 33 exmaples
A90: unix2 | B90: 38.33 ± 15.84 | C90: 1.00 ± 0.86 | D90: 0.62 ± 0.24 | E90: 1 | F90: 38.37 ± 16.30 | G90: 2.00 ± 1.44 | H90: 0.54 ± 0.19 | I90: 1
A91: unix3 | B91: 63.44 ± 42.23 | C91: 1.08 ± 0.98 | D91: 2.52 ± 1.27 | E91: 1 | F91: 72.00 ± 50.71 | G91: 1.76 ± 1.36 | H91: 1.86 ± 0.97 | I91: 1
A92: wumpus10 | B92: 49.50 ± 13.75 | C92: 0.71 ± 0.92 | D92: 5.47 ± 3.03 | E92: 1 | F92: 49.21 ± 11.23 | G92: 0.79 ± 1.11 | H92: 4.14 ± 9.21 | I92: 1
A93: wumpus15 | B93: 66.27 ± 16.94 | C93: 1.19 ± 0.96 | D93: 37.92 ± 28.28 | E93: 1 | F93: 67.46 ± 17.31 | G93: 1.23 ± 1.25 | H93: 29.99 ± 27.71 | I93: 1
A97: All - MT
A98: Problem | B98: Heuristic | F98: Translation-Based, Cost=1 | J98: Translation-Based, Cost=5 | N98: Translation-Based, Cost=20
B99: Actions | C99: Failures | D99: Time | E99: SR | F99: Actions | G99: Failures | H99: Time | I99: SR | J99: Actions | K99: Failures | L99: Time | M99: SR | N99: Actions | O99: Failures | P99: Time | Q99: SR
A100: doors-11
A101: doors-13
A102: doors-15
A103: colorballs-9-3 | B103: 797.95 ± 204.86 | C103: 0.65 ± 0.65 | D103: 56.91 ± 19.52 | E103: 0.74 | F103: 797.95 ± 204.86 | G103: 0.65 ± 0.65 | H103: 58.50 ± 19.61 | I103: 0.54 | J103: 797.95 ± 204.86 | K103: 0.65 ± 0.65 | L103: 57.63 ± 19.55 | M103: 0.62 | N103: 797.95 ± 204.86 | O103: 0.65 ± 0.65 | P103: 58.41 ± 19.87 | Q103: 0.88
A104: colorballs-11-1 | B104: 499.67 ± 255.61 | C104: 0.25 ± 0.52 | D104: 75.10 ± 38.68 | E104: 0.78 | F104: 463.46 ± 276.22 | G104: 0.33 ± 0.62 | H104: 73.36 ± 41.40 | I104: 0.62 | J104: 499.67 ± 255.61 | K104: 0.25 ± 0.52 | L104: 75.41 ± 38.87 | M104: 0.66 | N104: 499.67 ± 255.61 | O104: 0.25 ± 0.52 | P104: 75.04 ± 38.95 | Q104: 0.84
A105: colorballs-11-2
A106: cloghuge | B106: 83.46 ± 14.57 | C106: 17.62 ± 4.95 | D106: 4.68 ± 1.33 | E106: 1 | F106: 83.46 ± 14.57 | G106: 17.62 ± 4.95 | H106: 4.88 ± 1.34 | I106: 0.54 | J106: 83.46 ± 14.57 | K106: 17.62 ± 4.95 | L106: 5.03 ± 1.44 | M106: 0.94 | N106: 83.46 ± 14.57 | O106: 17.62 ± 4.95 | P106: 5.07 ± 1.42 | Q106: 0.94
A107: blocks7 | B107: 13.00 ± 1.59 | C107: 2.58 ± 1.16 | D107: 0.27 ± 0.19 | E107: 0.84 | F107: 13.00 ± 1.59 | G107: 2.58 ± 1.16 | H107: 0.23 ± 0.11 | I107: 0.86 | J107: 13.00 ± 1.59 | K107: 2.58 ± 1.16 | L107: 0.22 ± 0.09 | M107: 0.84 | N107: 13.00 ± 1.59 | O107: 2.58 ± 1.16 | P107: 0.21 ± 0.08 | Q107: 0.84
A108: unix2 | B108: 46.29 ± 11.71 | C108: 23.86 ± 5.19 | D108: 0.54 ± 0.15 | E108: 0.74 | F108: 46.29 ± 11.71 | G108: 23.86 ± 5.19 | H108: 0.53 ± 0.15 | I108: 0.34 | J108: 46.29 ± 11.71 | K108: 23.86 ± 5.19 | L108: 0.56 ± 0.15 | M108: 0.88 | N108: 46.29 ± 11.71 | O108: 23.86 ± 5.19 | P108: 0.61 ± 0.16 | Q108: 0.86
A109: unix3 | B109: 154.25 ± 83.19 | C109: 92.58 ± 44.12 | D109: 10.65 ± 6.38 | E109: 0.64 | F109: 132.42 ± 91.47 | G109: 78.92 ± 48.87 | H109: 8.64 ± 6.63 | I109: 0.58 | J109: 154.08 ± 82.95 | K109: 92.75 ± 43.99 | L109: 11.07 ± 6.85 | M109: 0.72 | N109: 150.67 ± 95.17 | O109: 85.08 ± 46.54 | P109: 22.28 ± 43.76 | Q109: 0.80
A110: wumpus10 | B110: 93.80 ± 30.02 | C110: 15.54 ± 6.18 | D110: 2.39 ± 1.26 | E110: 0.96 | F110: 93.03 ± 29.45 | G110: 15.69 ± 6.38 | H110: 2.59 ± 1.52 | I110: 0.88 | J110: 94.26 ± 30.21 | K110: 15.54 ± 6.18 | L110: 2.71 ± 1.76 | M110: 0.96 | N110: 93.57 ± 29.81 | O110: 15.54 ± 6.18 | P110: 2.75 ± 1.79 | Q110: 0.94
A111: wumpus15 | B111: 151.67 ± 57.20 | C111: 31.58 ± 12.51 | D111: 12.72 ± 6.68 | E111: 0.86 | F111: 164.67 ± 55.03 | G111: 34.21 ± 13.67 | H111: 16.19 ± 8.67 | I111: 0.64 | J111: 148.33 ± 64.29 | K111: 28.71 ± 14.45 | L111: 16.96 ± 11.10 | M111: 0.7 | N111: 170.25 ± 58.45 | O111: 33.54 ± 12.40 | P111: 25.84 ± 18.61 | Q111: 0.62
A115: All - LZ
A116: Problem | B116: Heuristic | F116: Translation-Based, Cost=1 | J116: Translation-Based, Cost=5 | N116: Translation-Based, Cost=20
B117: Actions | C117: Failures | D117: Time | E117: SR | F117: Actions | G117: Failures | H117: Time | I117: SR | J117: Actions | K117: Failures | L117: Time | M117: SR | N117: Actions | O117: Failures | P117: Time | Q117: SR
A118: doors-11
A119: doors-13
A120: doors-15
A121: colorballs-9-3 | B121: 797.95 ± 204.86 | C121: 0.65 ± 0.65 | D121: 59.90 ± 20.28 | E121: 0.42 | F121: 797.95 ± 204.86 | G121: 0.65 ± 0.65 | H121: 61.39 ± 20.53 | I121: 0.90 | J121: 797.95 ± 204.86 | K121: 0.65 ± 0.65 | L121: 61.76 ± 20.34 | M121: 0.98 | N121: 797.95 ± 204.86 | O121: 0.65 ± 0.65 | P121: 62.43 ± 20.49 | Q121: 0.96
A122: colorballs-11-1 | B122: 499.67 ± 255.61 | C122: 0.25 ± 0.52 | D122: 77.34 ± 40.59 | E122: 0.48 | F122: 499.67 ± 255.61 | G122: 0.25 ± 0.52 | H122: 76.19 ± 39.77 | I122: 0.96 | J122: 499.67 ± 255.61 | K122: 0.25 ± 0.52 | L122: 76.23 ± 39.45 | M122: 0.98 | N122: 499.67 ± 255.61 | O122: 0.25 ± 0.52 | P122: 77.98 ± 41.06 | Q122: 1.00
...

Sheet domain stats
A1: problem | B1: init true | C1: init false
A2: unix1 | B2: 7 | C2: 49
A3: unix2 | B3: 15 | C3: 225
A4: unix3 | B4: 31 | C4: 961
A5: unix4 | B5: 63 | C5: 3969
A6: blocks3 | B6: 2 | C6: 7
A7: blocks7 | B7: 1 | C7: 44
A8: clog5 | B8: 4 | C8: 17
A9: clog7 | B9: 4 | C9: 17
A10: cloghuge | B10: 6 | C10: 124
A11: wumpus05 | B11: 1 | C11: 24
A12: wumpus10 | B12: 1 | C12: 99
A13: wumpus15 | B13: 1 | C13: 224
... A28: collorballs11-2 | B28: 4 | C28: 12

Sheet res
D6: FP | I6: FN | O6: FP - FN
D7: Problem | E7: Optimistic | F7: Pessimistic | G7: Lazy | I7: Problem | J7: Optimistic | K7: Pessimistic | L7: Lazy | M7: MakeTrue | O7: Problem | P7: Optimistic | Q7: Lazy - Lazy | R7: Lazy - MakeTrue
D8: doors-11 | I8: doors-11 | O8: doors-11
D9: doors-13 | I9: doors-13 | O9: doors-13
D10: doors-15 | I10: doors-15 | O10: doors-15
D11: colorballs-9-3 | I11: colorballs-9-3 | O11: colorballs-9-3
D12: colorballs-11-1 | I12: colorballs-11-1 | O12: colorballs-11-1
D13: colorballs-11-2 | I13: colorballs-11-2 | O13: colorballs-11-2
D14: cloghuge | I14: cloghuge | O14: cloghuge
D15: blocks7 | I15: blocks7 | O15: blocks7
D16: unix2 | I16: unix2 | O16: unix2
D17: unix3 | I17: unix3 | O17: unix3
D18: wumpus10 | I18: wumpus10 | O18: wumpus10
D19: wumpus15 | I19: wumpus15 | O19: wumpus15

Sheet results new format
D5: FP | S5: FP
D6: Problem | E6: Optimisitc | H6: Pessimistic | K6: Lazy | S6: Problem | T6: Optimisitc | V6: Pessimistic | X6: Lazy
E7: Actions | F7: Time | G7: % Success | H7: Actions | I7: Time | J7: % Success | K7: Actions | L7: Time | M7: % Success | T7: Actions | U7: Time | V7: Actions | W7: Time | X7: Actions | Y7: Time
D8: doors-11 | E8: 93.90 ± 24.13 | F8: 1.01 ± 0.38 | G8: 100 | H8: 135.08 ± 31.46 | I8: 2.96 ± 0.84 | J8: 100 | K8: 73.92 ± 13.91 | L8: 0.78 ± 0.21 | M8: 100 | S8: doors-11 | T8: 93.90 ± 24.13 | U8: 1.01 ± 0.38 | V8: 135.08 ± 31.46 | W8: 2.96 ± 0.84 | X8: 73.92 ± 13.91 | Y8: 0.78 ± 0.21
D9: doors-13 | E9: 108.90 ± 22.01 | F9: 1.80 ± 0.61 | G9: 100 | H9: 145.84 ± 28.70 | I9: 4.80 ± 1.14 | J9: 100 | K9: 84.96 ± 17.95 | L9: 1.38 ± 0.40 | M9: 100 | S9: doors-13 | T9: 108.90 ± 22.01 | U9: 1.80 ± 0.61 | V9: 145.84 ± 28.70 | W9: 4.80 ± 1.14 | X9: 84.96 ± 17.95 | Y9: 1.38 ± 0.40
D10: doors-15 | E10: 164.58 ± 34.05 | F10: 5.19 ± 1.59 | G10: 100 | H10: 239.30 ± 56.11 | I10: 15.39 ± 5.19 | J10: 100 | K10: 132.22 ± 26.81 | L10: 4.07 ± 1.11 | M10: 100 | S10: doors-15 | T10: 164.58 ± 34.05 | U10: 5.19 ± 1.59 | V10: 239.30 ± 56.11 | W10: 15.39 ± 5.19 | X10: 132.22 ± 26.81 | Y10: 4.07 ± 1.11
D11: colorballs-9-3 | E11: 711.46 ± 248.34 | F11: 67.57 ± 29.09 | G11: 100 | H11: 759.36 ± 219.35 | I11: 73.28 ± 26.07 | J11: 100 | K11: 704.66 ± 202.86 | L11: 64.68 ± 23.04 | M11: 100 | S11: colorballs-9-3 | T11: 711.46 ± 248.34 | U11: 67.57 ± 29.09 | V11: 759.36 ± 219.35 | W11: 73.28 ± 26.07 | X11: 704.66 ± 202.86 | Y11: 64.68 ± 23.04
D12: colorballs-11-1 | E12: 411.86 ± 232.55 | F12: 88.90 ± 50.97 | G12: 100 | H12: 541.48 ± 226.98 | I12: 126.75 ± 50.29 | J12: 100 | K12: 446.38 ± 247.33 | L12: 91.94 ± 53.42 | M12: 100 | S12: colorballs-11-1 | T12: 411.86 ± 232.55 | U12: 88.90 ± 50.97 | V12: 541.48 ± 226.98 | W12: 126.75 ± 50.29 | X12: 446.38 ± 247.33 | Y12: 91.94 ± 53.42
D13: colorballs-11-2 | E13: 822.10 ± 358.28 | F13: 205.88 ± 99.52 | G13: 100 | H13: 892.94 ± 396.07 | I13: 223.09 ± 102.63 | J13: 100 | K13: 914.72 ± 368.33 | L13: 211.08 ± 97.20 | M13: 100 | S13: colorballs-11-2 | T13: 822.10 ± 358.28 | U13: 205.88 ± 99.52 | V13: 892.94 ± 396.07 | W13: 223.09 ± 102.63 | X13: 914.72 ± 368.33 | Y13: 211.08 ± 97.20
D14: cloghuge | E14: 139.10 ± 13.01 | F14: 11.25 ± 2.02 | G14: 100 | H14: 155.08 ± 20.69 | I14: 20.87 ± 4.12 | J14: 100 | K14: 66.68 ± 9.31 | L14: 3.18 ± 0.85 | M14: 100 | S14: cloghuge | T14: 139.10 ± 13.01 | U14: 11.25 ± 2.02 | V14: 155.08 ± 20.69 | W14: 20.87 ± 4.12 | X14: 66.68 ± 9.31 | Y14: 3.18 ± 0.85
D15: blocks7 | E15: 27.68 ± 4.95 | F15: 0.39 ± 0.05 | G15: 100 | H15: 23.96 ± 1.73 | I15: 0.39 ± 0.05 | J15: 100 | K15: 11.24 ± 1.49 | L15: 0.14 ± 0.06 | M15: 100 | S15: blocks7 | T15: 27.68 ± 4.95 | U15: 0.39 ± 0.05 | V15: 23.96 ± 1.73 | W15: 0.39 ± 0.05 | X15: 11.24 ± 1.49 | Y15: 0.14 ± 0.06
D16: unix2 | E16: 178.40 ± 70.33 | F16: 4.55 ± 2.15 | G16: 100 | H16: 186.46 ± 72.11 | I16: 6.95 ± 2.83 | J16: 100 | K16: 45.72 ± 21.59 | L16: 0.45 ± 0.21 | M16: 100 | S16: unix2 | T16: 178.40 ± 70.33 | U16: 4.55 ± 2.15 | V16: 186.46 ± 72.11 | W16: 6.95 ± 2.83 | X16: 45.72 ± 21.59 | Y16: 0.45 ± 0.21
D17: unix3 | E17: 677.72 ± 250.11 | F17: 170.35 ± 94.60 | G17: 100 | H17: 696.46 ± 276.85 | I17: 278.06 ± 131.96 | J17: 100 | K17: 151.16 ± 71.90 | L17: 7.48 ± 3.75 | M17: 100 | S17: unix3 | T17: 677.72 ± 250.11 | U17: 170.35 ± 94.60 | V17: 696.46 ± 276.85 | W17: 278.06 ± 131.96 | X17: 151.16 ± 71.90 | Y17: 7.48 ± 3.75
D18: wumpus10 | E18: 111.70 ± 66.88 | F18: 5.08 ± 3.65 | G18: 100 | H18: 112.70 ± 66.88 | I18: 5.92 ± 4.06 | J18: 100 | K18: 65.84 ± 20.49 | L18: 1.64 ± 0.58 | M18: 100 | S18: wumpus10 | T18: 111.70 ± 66.88 | U18: 5.08 ± 3.65 | V18: 112.70 ± 66.88 | W18: 5.92 ± 4.06 | X18: 65.84 ± 20.49 | Y18: 1.64 ± 0.58
D19: wumpus15 | E19: 177.48 ± 139.71 | F19: 34.90 ± 34.95 | G19: 100 | H19: 178.48 ± 139.71 | I19: 44.08 ± 40.79 | J19: 100 | K19: 127.96 ± 41.49 | L19: 16.24 ± 5.89 | M19: 100 | S19: wumpus15 | T19: 177.48 ± 139.71 | U19: 34.90 ± 34.95 | V19: 178.48 ± 139.71 | W19: 44.08 ± 40.79 | X19: 127.96 ± 41.49 | Y19: 16.24 ± 5.89
D23: FN | Q23: duplicate table
D24: Problem | E24: Optimisitc | H24: Pessimistic | K24: Lazy | N24: MakeTrue | Q24: only if deadend
E25: Actions | F25: Time | G25: % Success | H25: Actions | I25: Time | J25: % Success | K25: Actions | L25: Time | M25: % Success | N25: Actions | O25: Time | P25: % Success
D26: doors-11 | E26: 94.34 ± 18.77 | F26: 0.74 ± 0.21 | G26: 100 | H26: 138.92 ± 27.72 | I26: 2.11 ± 0.47 | J26: 100 | K26: 97.12 ± 23.34 | L26: 1.21 ± 0.37 | M26: 100 | N26: 66.00 ± 16.88 | O26: 0.86 ± 0.30 | P26: 8
D27: doors-13 | E27: 107.62 ± 23.35 | F27: 1.43 ± 0.45 | G27: 100 | H27: 144.96 ± 26.76 | I27: 3.80 ± 0.74 | J27: 100 | K27: 104.50 ± 21.32 | L27: 2.25 ± 0.64 | M27: 100 | N27: 57.50 ± 7.50 | O27: 0.80 ± 0.14 | P27: 4
D28: doors-15 | E28: 164.50 ± 31.83 | F28: 3.75 ± 1.07 | G28: 100 | H28: 251.20 ± 47.49 | I28: 11.32 ± 3.54 | J28: 100 | K28: 177.50 ± 45.41 | L28: 6.16 ± 2.23 | M28: 100 | N28: 150.50 ± 22.50 | O28: 5.14 ± 0.49 | P28: 4
D29: colorballs-9-3 | E29: 694.56 ± 201.67 | F29: 53.93 ± 21.16 | G29: 100 | H29: 770.56 ± 228.24 | I29: 59.28 ± 22.16 | J29: 100 | K29: 736.46 ± 183.48 | L29: 55.72 ± 17.82 | M29: 100 | N29: 758.64 ± 227.02 | O29: 60.57 ± 30.70 | P29: 72
D30: colorballs-11-1 | E30: 454.60 ± 252.97 | F30: 72.59 ± 41.06 | G30: 100 | H30: 500.48 ± 280.64 | I30: 84.38 ± 44.97 | J30: 100 | K30: 475.96 ± 250.24 | L30: 77.44 ± 43.31 | M30: 100 | N30: 473.39 ± 234.21 | O30: 74.69 ± 40.16 | P30: 76
D31: colorballs-11-2 | E31: 858.92 ± 353.10 | F31: 156.49 ± 71.00 | G31: 100 | H31: 912.36 ± 403.46 | I31: 167.42 ± 77.67 | J31: 100 | K31: 872.92 ± 313.12 | L31: 160.38 ± 65.93 | M31: 100 | N31: 874.37 ± 328.26 | O31: 165.50 ± 73.40 | P31: 70
D32: cloghuge | E32: 143.52 ± 15.07 | F32: 14.45 ± 3.40 | G32: 100 | H32: 143.52 ± 15.07 | I32: 24.72 ± 4.16 | J32: 100 | K32: 93.90 ± 37.72 | L32: 10.48 ± 8.63 | M32: 100 | N32: 61.64 ± 7.65 | O32: 2.73 ± 1.02 | P32: 44
D33: blocks7 | E33: 28.34 ± 4.82 | F33: 0.63 ± 0.18 | G33: 100 | H33: 23.88 ± 1.84 | I33: 0.55 ± 0.09 | J33: 100 | K33: 9.48 ± 1.90 | L33: 0.21 ± 0.12 | M33: 100 | N33: 9.46 ± 1.82 | O33: 0.22 ± 0.17 | P33: 100
D34: unix2 | E34: 176.48 ± 71.47 | F34: 3.66 ± 1.75 | G34: 84 | H34: 193.32 ± 73.41 | I34: 5.54 ± 2.06 | J34: 100 | K34: 61.30 ± 62.78 | L34: 1.24 ± 1.87 | M34: 100 | N34: 39.65 ± 31.83 | O34: 0.81 ± 1.36 | P34: 92
D35: unix3 | E35: 690.78 ± 280.29 | F35: 171.86 ± 100.65 | G35: 98 | H35: 691.34 ± 284.66 | I35: 231.90 ± 102.39 | J35: 100 | K35: 226.20 ± 290.39 | L35: 47.74 ± 77.44 | M35: 100 | N35: 216.18 ± 275.85 | O35: 60.32 ± 101.77 | P35: 90
D36: wumpus10 | E36: 98.44 ± 66.58 | F36: 3.74 ± 3.01 | G36: 100 | H36: 99.44 ± 66.58 | I36: 3.82 ± 2.67 | J36: 100 | K36: 45.68 ± 14.24 | L36: 1.05 ± 0.77 | M36: 100 | N36: 45.37 ± 14.10 | O36: 1.02 ± 0.97 | P36: 92
D37: wumpus15 | E37: 195.00 ± 153.45 | F37: 33.03 ± 33.41 | G37: 100 | H37: 196.00 ± 153.45 | I37: 32.06 ± 26.92 | J37: 100 | K37: 75.10 ± 62.19 | L37: 9.09 ± 15.16 | M37: 100 | N37: 72.38 ± 59.86 | O37: 9.99 ± 28.62 | P37: 94
D41: FB
D42: Problem | E42: Optimisitc | H42: Lazy | K42: MakeTrue
E43: Actions | F43: Time | G43: % Success | H43: Actions | I43: Time | J43: % Success | K43: Actions | L43: Time | M43: % Success
D44: doors-11 | E44: 94.40 ± 22.42 | F44: 0.87 ± 0.26 | G44: 100 | H44: 91.48 ± 24.42 | I44: 1.16 ± 0.38 | J44: 100 | K44: 129.20 ± 55.80 | L44: 1.11 ± 0.47 | M44: 10
D45: doors-13 | E45: 102.78 ± 21.64 | F45: 1.42 ± 0.39 | G45: 100 | H45: 104.80 ± 23.72 | I45: 2.04 ± 0.63 | J45: 100 | K45: 79.83 ± 14.38 | L45: 1.54 ± 0.70 | M45: 12
D46: doors-15
D47: colorballs-9-3 | E47: 715.72 ± 228.02 | F47: 52.57 ± 22.80 | G47: 100 | H47: 727.50 ± 223.88 | I47: 53.77 ± 21.74 | J47: 100 | K47: 725.64 ± 225.53 | L47: 54.70 ± 22.41 | M47: 72
D48: colorballs-11-1 | E48: 486.86 ± 236.57 | F48: 75.14 ± 37.22 | G48: 100 | H48: 467.20 ± 262.79 | I48: 75.49 ± 44.96 | J48: 100 | K48: 478.92 ± 251.52 | L48: 82.89 ± 47.91 | M48: 78
D49: colorballs-11-2 | E49: 899.50 ± 303.21 | F49: 157.95 ± 62.84 | G49: 100 | H49: 930.24 ± 321.49 | I49: 170.53 ± 65.12 | J49: 100 | K49: 945.42 ± 337.71 | L49: 181.82 ± 71.60 | M49: 80
D50: cloghuge | E50: 139.46 ± 18.75 | F50: 12.15 ± 2.33 | G50: 100 | H50: 84.58 ± 25.96 | I50: 6.86 ± 5.44 | J50: 100 | K50: 68.21 ± 9.20 | L50: 3.45 ± 1.00 | M50: 58
D51: blocks7 | E51: 28.42 ± 4.72 | F51: 1.42 ± 5.69 | G51: 100 | H51: 11.75 ± 2.68 | I51: 0.27 ± 0.13 | J51: 96 | K51: 11.79 ± 2.61 | L51: 0.29 ± 0.17 | M51: 96
D52: unix2 | E52: 172.52 ± 67.78 | F52: 4.45 ± 2.19 | G52: 100 | H52: 77.26 ± 69.30 | I52: 1.82 ± 2.33 | J52: 100 | K52: 51.06 ± 35.13 | L52: 1.06 ± 1.52 | M52: 72
D53: unix3 | E53: 690.04 ± 316.35 | F53: 177.22 ± 108.67 | G53: 98 | H53: 255.46 ± 281.28 | I53: 42.00 ± 71.34 | J53: 100 | K53: 184.38 ± 130.71 | L53: 24.54 ± 39.66 | M53: 84
D54: wumpus10 | E54: 107.98 ± 66.60 | F54: 4.65 ± 3.38 | G54: 100 | H54: 75.50 ± 32.65 | I54: 1.63 ± 1.06 | J54: 100 | K54: 67.92 ± 22.82 | L54: 1.41 ± 0.62 | M54: 78
D55: wumpus15 | E55: 176.60 ± 138.80 | F55: 27.70 ± 29.13 | G55: 100 | H55: 128.30 ± 48.25 | I55: 11.14 ± 6.27 | J55: 100 | K55: 120.12 ± 43.35 | L55: 12.93 ± 6.91 | M55: 86
D59: OP | K59: only consider problems where op
D60: Problem | E60: Heuristic | H60: Translation-Based
E61: Actions | F61: Time | G61: % Success | H61: Actions | I61: Time | J61: % Success
D62: doors-11 | E62: 74.52 ± 19.71 | F62: 1.30 ± 0.99 | G62: 100 | H62: 75.42 ± 19.11 | I62: 1.27 ± 0.96 | J62: 100 | K62: doors irrelevant bc there are no deadends
D63: doors-13 | E63: 86.18 ± 14.75 | F63: 2.84 ± 2.14 | G63: 100 | H63: 85.48 ± 14.57 | I63: 3.00 ± 2.67 | J63: 100
D64: doors-15 | E64: 135.14 ± 31.97 | F64: 8.17 ± 5.02 | G64: 100 | H64: 131.96 ± 28.79 | I64: 14.86 ± 19.04 | J64: 100
D65: colorballs-9-3 | E65: 745.70 ± 268.18 | F65: 108.15 ± 39.66 | G65: 100 | H65: 821.91 ± 185.50 | I65: 215.09 ± 107.77 | J65: 64
D66: colorballs-11-1 | E66: 465.76 ± 273.19 | F66: 146.65 ± 74.35 | G66: 100 | H66: 478.85 ± 249.22 | I66: 159.82 ± 94.50 | J66: 96
D67: colorballs-11-2 | E67: 956.65 ± 353.17 | F67: 312.84 ± 115.77 | G67: 96 | H67: 863.79 ± 371.53 | I67: 252.10 ± 107.38 | J67: 78
D68: cloghuge | E68: 60.28 ± 10.04 | F68: 5.67 ± 2.50 | G68: 94 | H68: 56.83 ± 11.16 | I68: 2.86 ± 1.50 | J68: 12
D69: blocks7 | E69: 10.65 ± 1.88 | F69: 2.44 ± 7.01 | G69: 96 | H69: 10.69 ± 1.89 | I69: 2.43 ± 6.82 | J69: 96
D70: unix2 | E70: 36.49 ± 15.35 | F70: 0.32 ± 0.18 | G70: 94 | H70: 36.83 ± 17.55 | I70: 0.30 ± 0.19 | J70: 94
D71: unix3 | E71: 93.64 ± 62.16 | F71: 2.77 ± 1.87 | G71: 88 | H71: 83.11 ± 49.91 | I71: 1.83 ± 1.03 | J71: 88
D72: wumpus10 | E72: 45.10 ± 12.78 | F72: 3.66 ± 2.88 | G72: 100 | H72: 47.87 ± 13.37 | I72: 12.09 ± 35.74 | J72: 90
D73: wumpus15 | E73: 64.22 ± 22.19 | F73: 25.57 ± 26.55 | G73: 100 | H73: 66.29 ± 21.60 | I73: 42.30 ± 58.79 | J73: 90
D77: All
D78: Problem | E78: Heuristic | H78: Translation-Based, Cost=1 | K78: Translation-Based, Cost=5 | N78: Translation-Based, Cost=20
E79: Actions | F79: Time | G79: % Success | H79: Actions | I79: Time | J79: % Success | K79: Actions | L79: Time | M79: % Success | N79: Actions | O79: Time | P79: % Success
D80: doors-11
D81: doors-13 | E81: DNF | F81: DNF | G81: DNF | H81: 194.20 ± 54.62 | I81: 113.78 ± 141.76 | J81: 50 | K81: 188.33 ± 47.70 | L81: 111.37 ± 121.62 | M81: 48 | N81: 177.88 ± 56.77 | O81: 91.58 ± 84.67 | P81: 66
D82: doors-15
D83: colorballs-9-3 | E83: 646.25 ± 112.23 | F83: 50.40 ± 4.85 | G83: 36 | H83: 636.75 ± 126.89 | I83: 46.56 ± 8.04 | J83: 48 | K83: 675.00 ± 72.71 | L83: 49.14 ± 5.22 | M83: 60 | N83: 602.00 ± 183.13 | O83: 45.03 ± 12.43 | P83: 98
D84: colorballs-11-1 | E84: 469.43 ± 275.45 | F84: 80.72 ± 43.99 | G84: 38 | H84: 416.86 ± 277.42 | I84: 128.54 ± 134.80 | J84: 86 | K84: 595.14 ± 219.92 | L84: 100.53 ± 37.60 | M84: 86 | N84: 533.50 ± 227.62 | O84: 95.14 ± 40.03 | P84: 86
D85: colorballs-11-2 | E85: 955.20 ± 260.15 | F85: 261.07 ± 76.00 | G85: 38 | H85: 944.10 ± 221.45 | I85: 293.49 ± 84.59 | J85: 62 | K85: 890.10 ± 254.46 | L85: 253.37 ± 87.73 | M85: 72 | N85: 951.50 ± 215.96 | O85: 253.21 ± 65.84 | P85: 90
D86: cloghuge | E86: 56.75 ± 5.12 | F86: 2.24 ± 0.37 | G86: 30 | H86: 56.75 ± 5.12 | I86: 2.34 ± 0.43 | J86: 10 | K86: 56.75 ± 5.12 | L86: 2.09 ± 0.39 | M86: 34 | N86: 56.75 ± 5.12 | O86: 1.96 ± 0.46 | P86: 42
D87: blocks7 | E87: 11.74 ± 2.13 | F87: 0.63 ± 2.09 | G87: 70 | H87: 12.06 ± 2.53 | I87: 0.67 ± 2.20 | J87: 84 | K87: 12.06 ± 2.53 | L87: 0.65 ± 2.25 | M87: 84 | N87: 12.06 ± 2.53 | O87: 0.64 ± 2.20 | P87: 84
D88: unix2 | E88: 47.86 ± 19.92 | F88: 0.65 ± 0.46 | G88: 14 | H88: 47.71 ± 19.29 | I88: 0.49 ± 0.24 | J88: 92 | K88: 39.71 ± 17.51 | L88: 0.36 ± 0.12 | M88: 92 | N88: 48.29 ± 19.80 | O88: 0.59 ± 0.48 | P88: 90
D89: unix3 | E89: 80.42 ± 48.77 | F89: 4.58 ± 2.94 | G89: 28 | H89: 87.92 ± 49.36 | I89: 4.86 ± 3.39 | J89: 76 | K89: 80.92 ± 56.68 | L89: 5.02 ± 4.23 | M89: 72 | N89: 92.33 ± 58.17 | O89: 6.44 ± 6.22 | P89: 70
D90: wumpus10 | E90: 67.03 ± 23.69 | F90: 1.42 ± 0.77 | G90: 60 | H90: 67.03 ± 23.69 | I90: 1.49 ± 0.70 | J90: 100 | K90: 63.73 ± 21.43 | L90: 1.41 ± 0.56 | M90: 100 | N90: 64.03 ± 21.45 | O90: 1.43 ± 0.58 | P90: 100
D91: wumpus15 | E91: 138.27 ± 39.00 | F91: 13.26 ± 6.40 | G91: 52 | H91: 128.69 ± 39.11 | I91: 11.64 ± 4.07 | J91: 90 | K91: 140.73 ± 45.36 | L91: 15.09 ± 7.62 | M91: 92 | N91: 130.92 ± 39.83 | O91: 14.53 ± 5.16 | P91: 96

Sheet Sheet4
D5: =IF(ISNUMBER(FIND("±", 'results new format'!D5)), LEFT('results new format'!D5, FIND("±", 'results new format'!D5) - 1), 'results new format'!D5) -> FP | E5: =IF(ISNUMBER(FIND("±", 'results new format'!E5)), LEFT('results new format'!E5, FIND("±", 'results new format'!E5) - 1), 'results new format'!E5) -> 0 | F5: =IF(ISNUMBER(FIND("±", 'results new format'!F5)), LEFT('results new format'!F5, FIND("±", 'results new format'!F5) - 1), 'results new format'!F5) -> 0 | G5: =IF(ISNUMBER(FIND("±", 'results new format'!G5)), LEFT('results new format'!G5, FIND("±", 'results new format'!G5) - 1), 'results new format'!G5) -> 0 | H5: =IF(ISNUMBER(FIND("±", 'results new format'!H5)), LEFT('results new format'!H5, FIND("±", 'results new format'!H5) - 1), 'results new format'!H5) -> 0 | I5: =IF(ISNUMBER(FIND("±", 'results new format'!I5)), LEFT('results new format'!I5, FIND("±", 'results new format'!I5) - 1), 'results new format'!I5) -> 0 | J5: =IF(ISNUMBER(FIND("±", 'results new format'!J5)), LEFT('results new format'!J5, FIND("±", 'results new format'!J5) - 1), 'results new format'!J5) -> 0 | K5: =IF(ISNUMBER(FIND("±", 'results new format'!K5)), LEFT('results new format'!K5, FIND("±", 'results new format'!K5) - 1), 'results new format'!K5) -> 0 | L5: =IF(ISNUMBER(FIND("±", 'results new format'!L5)), LEFT('results new format'!L5, FIND("±", 'results new format'!L5) - 1), 'results new format'!L5) -> 0
D6: =IF(ISNUMBER(FIND("±", 'results new format'!D6)), LEFT('results new format'!D6, FIND("±", 'results new format'!D6) - 1), 'results new format'!D6) -> Problem | E6: =IF(ISNUMBER(FIND("±", 'results new format'!E6)), LEFT('results new format'!E6, FIND("±", 'results new format'!E6) - 1), 'results new format'!E6) -> Optimisitc | F6: =IF(ISNUMBER(FIND("±", 'results new format'!F6)), LEFT('results new format'!F6, FIND("±", 'results new format'!F6) - 1), 'results new format'!F6) -> 0 | G6: =IF(ISNUMBER(FIND("±", 'results new format'!G6)), LEFT('results new format'!G6, FIND("±", 'results new format'!G6) - 1), 'results new format'!G6) -> 0 | H6: =IF(ISNUMBER(FIND("±", 'results new format'!H6)), LEFT('results new format'!H6, FIND("±", 'results new format'!H6) - 1), 'results new format'!H6) -> Pessimistic | I6: =IF(ISNUMBER(FIND("±", 'results new format'!I6)), LEFT('results new format'!I6, FIND("±", 'results new format'!I6) - 1), 'results new format'!I6) -> 0 | J6: =IF(ISNUMBER(FIND("±", 'results new format'!J6)), LEFT('results new format'!J6, FIND("±", 'results new format'!J6) - 1), 'results new format'!J6) -> 0 | K6: =IF(ISNUMBER(FIND("±", 'results new format'!K6)), LEFT('results new format'!K6, FIND("±", 'results new format'!K6) - 1), 'results new format'!K6) -> Lazy | L6: =IF(ISNUMBER(FIND("±", 'results new format'!L6)), LEFT('results new format'!L6, FIND("±", 'results new format'!L6) - 1), 'results new format'!L6) -> 0
D7: =IF(ISNUMBER(FIND("±", 'results new format'!D7)), LEFT('results new format'!D7, FIND("±", 'results new format'!D7) - 1), 'results new format'!D7) -> 0 | E7: =IF(ISNUMBER(FIND("±", 'results new format'!E7)), LEFT('results new format'!E7, FIND("±", 'results new format'!E7) - 1), 'results new format'!E7) -> Actions | F7: =IF(ISNUMBER(FIND("±", 'results new format'!F7)), LEFT('results new format'!F7, FIND("±", 'results new format'!F7) - 1), 'results new format'!F7) -> Time | G7: =IF(ISNUMBER(FIND("±", 'results new format'!G7)), LEFT('results new format'!G7, FIND("±", 'results new format'!G7) - 1), 'results new format'!G7) -> % Success | H7: =IF(ISNUMBER(FIND("±", 'results new format'!H7)), LEFT('results new format'!H7, FIND("±", 'results new format'!H7) - 1), 'results new format'!H7) -> Actions | I7: =IF(ISNUMBER(FIND("±", 'results new format'!I7)), LEFT('results new format'!I7, FIND("±", 'results new format'!I7) - 1), 'results new format'!I7) -> Time | J7: =IF(ISNUMBER(FIND("±", 'results new format'!J7)), LEFT('results new format'!J7, FIND("±", 'results new format'!J7) - 1), 'results new format'!J7) -> % Success | K7: =IF(ISNUMBER(FIND("±", 'results new format'!K7)), LEFT('results new format'!K7, FIND("±", 'results new format'!K7) - 1), 'results new format'!K7) -> Actions | L7: =IF(ISNUMBER(FIND("±", 'results new format'!L7)), LEFT('results new format'!L7, FIND("±", 'results new format'!L7) - 1), 'results new format'!L7) -> Time
D8: =IF(ISNUMBER(FIND("±", 'results new format'!D8)), LEFT('results new format'!D8, FIND("±", 'results new format'!D8) - 1), 'results new format'!D8) -> doors-11 | E8: =IF(ISNUMBER(FIND(" ± ", 'results new format'!E8)), LEFT('results new format'!E8, FIND(" ± ", 'results new format'!E8) - 2), 'results new format'!E8) -> 93.9 | F8: =IF(ISNUMBER(FIND(" ± ", 'results new format'!F8)), LEFT('results new format'!F8, FIND(" ± ", 'results new format'!F8) - 2), 'results new format'!F8) -> 1.0 | G8: =IF(ISNUMBER(FIND(" ± ", 'results new format'!G8)), LEFT('results new format'!G8, FIND(" ± ", 'results new format'!G8) - 2), 'results new format'!G8) -> 100 | H8: =IF(ISNUMBER(FIND(" ± ", 'results new format'!H8)), LEFT('results new format'!H8, FIND(" ± ", 'results new format'!H8) - 2), 'results new format'!H8) -> 135.0 | I8: =IF(ISNUMBER(FIND(" ± ", 'results new format'!I8)), LEFT('results new format'!I8, FIND(" ± ", 'results new format'!I8) - 2), 'results new format'!I8) -> 2.9 | J8: =IF(ISNUMBER(FIND(" ± ", 'results new format'!J8)), LEFT('results new format'!J8, FIND(" ± ", 'results new format'!J8) - 2), 'results new format'!J8) -> 100 | K8: =IF(ISNUMBER(FIND(" ± ", 'results new format'!K8)), LEFT('results new format'!K8, FIND(" ± ", 'results new format'!K8) - 2), 'results new format'!K8) -> 73.9 | L8: =IF(ISNUMBER(FIND(" ± ", 'results new format'!L8)), LEFT('results new format'!L8, FIND(" ± ", 'results new format'!L8) - 2), 'results new format'!L8) -> 0.7
D9: =IF(ISNUMBER(FIND("±", 'results new format'!D9)), LEFT('results new format'!D9, FIND("±", 'results new format'!D9) - 1), 'results new format'!D9) -> doors-13 | E9: =IF(ISNUMBER(FIND(" ± ", 'results new format'!E9)), LEFT('results new format'!E9, FIND(" ± ", 'results new format'!E9) - 2), 'results new format'!E9) -> 108.9 | F9: =IF(ISNUMBER(FIND(" ± ", 'results new format'!F9)), LEFT('results new format'!F9, FIND(" ± ", 'results new format'!F9) - 2), 'results new format'!F9) -> 1.8 | G9: =IF(ISNUMBER(FIND(" ± ", 'results new format'!G9)), LEFT('results new format'!G9, FIND(" ± ", 'results new format'!G9) - 2), 'results new format'!G9) -> 100 | H9: =IF(ISNUMBER(FIND(" ± ", 'results new format'!H9)), LEFT('results new format'!H9, FIND(" ± ", 'results new format'!H9) - 2), 'results new format'!H9) -> 145.8 | I9: =IF(ISNUMBER(FIND(" ± ", 'results new format'!I9)), LEFT('results new format'!I9, FIND(" ± ", 'results new format'!I9) - 2), 'results new format'!I9) -> 4.8 | J9: =IF(ISNUMBER(FIND(" ± ", 'results new format'!J9)), LEFT('results new format'!J9, FIND(" ± ", 'results new format'!J9) - 2), 'results new format'!J9) -> 100 | K9: =IF(ISNUMBER(FIND(" ± ", 'results new format'!K9)), LEFT('results new format'!K9, FIND(" ± ", 'results new format'!K9) - 2), 'results new format'!K9) -> 84.9 | L9: =IF(ISNUMBER(FIND(" ± ", 'results new format'!L9)), LEFT('results new format'!L9, FIND(" ± ", 'results new format'!L9) - 2), 'results new format'!L9) -> 1.3
D10: =IF(ISNUMBER(FIND("±", 'results new format'!D10)), LEFT('results new format'!D10, FIND("±", 'results new format'!D10) - 1), 'results new format'!D10) -> doors-15 | E10: =IF(ISNUMBER(FIND(" ± ", 'results new format'!E10)), LEFT('results new format'!E10, FIND(" ± ", 'results new format'!E10) - 2), 'results new format'!E10) -> 164.5 | F10: =IF(ISNUMBER(FIND(" ± ", 'results new format'!F10)), LEFT('results new format'!F10, FIND(" ± ", 'results new format'!F10) - 2), 'results new format'!F10) -> 5.1 | G10: =IF(ISNUMBER(FIND(" ± ", 'results new format'!G10)), LEFT('results new format'!G10, FIND(" ± ", 'results new format'!G10) - 2), 'results new format'!G10) -> 100 | H10: =IF(ISNUMBER(FIND(" ± ", 'results new format'!H10)), LEFT('results new format'!H10, FIND(" ± ", 'results new format'!H10) - 2), 'results new format'!H10) -> 239.3 | I10: =IF(ISNUMBER(FIND(" ± ", 'results new format'!I10)), LEFT('results new format'!I10, FIND(" ± ", 'results new format'!I10) - 2), 'results new format'!I10) -> 15.3 | J10: =IF(ISNUMBER(FIND(" ± ", 'results new format'!J10)), LEFT('results new format'!J10, FIND(" ± ", 'results new format'!J10) - 2), 'results new format'!J10) -> 100 | K10: =IF(ISNUMBER(FIND(" ± ", 'results new format'!K10)), LEFT('results new format'!K10, FIND(" ± ", 'results new format'!K10) - 2), 'results new format'!K10) -> 132.2 | L10: =IF(ISNUMBER(FIND(" ± ", 'results new format'!L10)), LEFT('results new format'!L10, FIND(" ± ", 'results new format'!L10) - 2), 'results new format'!L10) -> 4.0
D11: =IF(ISNUMBER(FIND("±", 'results new format'!D11)), LEFT('results new format'!D11, FIND("±", 'results new format'!D11) - 1), 'results new format'!D11) -> colorballs-9-3 | E11: =IF(ISNUMBER(FIND(" ± ", 'results new format'!E11)), LEFT('results new format'!E11, FIND(" ± ", 'results new format'!E11) - 2), 'results new format'!E11) -> 711.4 | F11: =IF(ISNUMBER(FIND(" ± ", 'results new format'!F11)), LEFT('results new format'!F11, FIND(" ± ", 'results new format'!F11) - 2), 'results new format'!F11) -> 67.5 | G11: =IF(ISNUMBER(FIND(" ± ", 'results new format'!G11)), LEFT('results new format'!G11, FIND(" ± ", 'results new format'!G11) - 2), 'results new format'!G11) -> 100 | H11: =IF(ISNUMBER(FIND(" ± ", 'results new format'!H11)), LEFT('results new format'!H11, FIND(" ± ", 'results new format'!H11) - 2), 'results new format'!H11) -> 759.3 | I11: =IF(ISNUMBER(FIND(" ± ", 'results new format'!I11)), LEFT('results new format'!I11, FIND(" ± ", 'results new format'!I11) - 2), 'results new format'!I11) -> 73.2 | J11: =IF(ISNUMBER(FIND(" ± ", 'results new format'!J11)), LEFT('results new format'!J11, FIND(" ± ", 'results new format'!J11) - 2), 'results new format'!J11) -> 100 | K11: =IF(ISNUMBER(FIND(" ± ", 'results new format'!K11)), LEFT('results new format'!K11, FIND(" ± ", 'results new format'!K11) - 2), 'results new format'!K11) -> 704.6 | L11: =IF(ISNUMBER(FIND(" ± ", 'results new format'!L11)), LEFT('results new format'!L11, FIND(" ± ", 'results new format'!L11) - 2), 'results new format'!L11) -> 64.6
D12: =IF(ISNUMBER(FIND("±", 'results new format'!D12)), LEFT('results new format'!D12, FIND("±", 'results new format'!D12) - 1), 'results new format'!D12) -> colorballs-11-1 | E12: =IF(ISNUMBER(FIND(" ± ", 'results new format'!E12)), LEFT('results new format'!E12, FIND(" ± ", 'results new format'!E12) - 2), 'results new format'!E12) -> 411.8 | F12: =IF(ISNUMBER(FIND(" ± ", 'results new format'!F12)), LEFT('results new format'!F12, FIND(" ± ", 'results new format'!F12) - 2), 'results new format'!F12) -> 88.9 | G12: =IF(ISNUMBER(FIND(" ± ", 'results new format'!G12)), LEFT('results new format'!G12, FIND(" ± ", 'results new format'!G12) - 2), 'results new format'!G12) -> 100 | H12: =IF(ISNUMBER(FIND(" ± ", 'results new format'!H12)), LEFT('results new format'!H12, FIND(" ± ", 'results new format'!H12) - 2), 'results new format'!H12) -> 541.4 | I12: =IF(ISNUMBER(FIND(" ± ", 'results new format'!I12)), LEFT('results new format'!I12, FIND(" ± ", 'results new format'!I12) - 2), 'results new format'!I12) -> 126.7 | J12: =IF(ISNUMBER(FIND(" ± ", 'results new format'!J12)), LEFT('results new format'!J12, FIND(" ± ", 'results new format'!J12) - 2), 'results new format'!J12) -> 100 | K12: =IF(ISNUMBER(FIND(" ± ", 'results new format'!K12)), LEFT('results new format'!K12, FIND(" ± ", 'results new format'!K12) - 2), 'results new format'!K12) -> 446.3 | L12: =IF(ISNUMBER(FIND(" ± ", 'results new format'!L12)), LEFT('results new format'!L12, FIND(" ± ", 'results new format'!L12) - 2), 'results new format'!L12) -> 91.9
D13: =IF(ISNUMBER(FIND("±", 'results new format'!D13)), LEFT('results new format'!D13, FIND("±", 'results new format'!D13) - 1), 'results new format'!D13) -> colorballs-11-2 | E13: =IF(ISNUMBER(FIND(" ± ", 'results new format'!E13)), LEFT('results new format'!E13, FIND(" ± ", 'results new format'!E13) - 2), 'results new format'!E13) -> 822.1 | F13: =IF(ISNUMBER(FIND(" ± ", 'results new format'!F13)), LEFT('results new format'!F13, FIND(" ± ", 'results new format'!F13) - 2), 'results new format'!F13) -> 205.8 | G13: =IF(ISNUMBER(FIND(" ± ", 'results new format'!G13)), LEFT('results new format'!G13, FIND(" ± ", 'results new format'!G13) - 2), 'results new format'!G13) -> 100 | H13: =IF(ISNUMBER(FIND(" ± ", 'results new format'!H13)), LEFT('results new format'!H13, FIND(" ± ", 'results new format'!H13) - 2), 'results new format'!H13) -> 892.9 | I13: =IF(ISNUMBER(FIND(" ± ", 'results new format'!I13)), LEFT('results new format'!I13, FIND(" ± ", 'results new format'!I13) - 2), 'results new format'!I13) -> 223.0 | J13: =IF(ISNUMBER(FIND(" ± ", 'results new format'!J13)), LEFT('results new format'!J13, FIND(" ± ", 'results new format'!J13) - 2), 'results new format'!J13) -> 100 | K13: =IF(ISNUMBER(FIND(" ± ", 'results new format'!K13)), LEFT('results new format'!K13, FIND(" ± ", 'results new format'!K13) - 2), 'results new format'!K13) -> 914.7 | L13: =IF(ISNUMBER(FIND(" ± ", 'results new format'!L13)), LEFT('results new format'!L13, FIND(" ± ", 'results new format'!L13) - 2), 'results new format'!L13) -> 211.0
D14: =IF(ISNUMBER(FIND("±", 'results new format'!D14)), LEFT('results new format'!D14, FIND("±", 'results new format'!D14) - 1), 'results new format'!D14) -> cloghuge | E14: =IF(ISNUMBER(FIND(" ± ", 'results new format'!E14)), LEFT('results new format'!E14, FIND(" ± ", 'results new format'!E14) - 2), 'results new format'!E14) -> 139.1 | F14: =IF(ISNUMBER(FIND(" ± ", 'results new format'!F14)), LEFT('results new format'!F14, FIND(" ± ", 'results new format'!F14) - 2), 'results new format'!F14) -> 11.2 | G14: =IF(ISNUMBER(FIND(" ± ", 'results new format'!G14)), LEFT('results new format'!G14, FIND(" ± ", 'results new format'!G14) - 2), 'results new format'!G14) -> 100 | H14: =IF(ISNUMBER(FIND(" ± ", 'results new format'!H14)), LEFT('results new format'!H14, FIND(" ± ", 'results new format'!H14) - 2), 'results new format'!H14) -> 155.0 | I14: =IF(ISNUMBER(FIND(" ± ", 'results new format'!I14)), LEFT('results new format'!I14, FIND(" ± ", 'results new format'!I14) - 2), 'results new format'!I14) -> 20.8 | J14: =IF(ISNUMBER(FIND(" ± ", 'results new format'!J14)), LEFT('results new format'!J14, FIND(" ± ", 'results new format'!J14) - 2), 'results new format'!J14) -> 100 | K14: =IF(ISNUMBER(FIND(" ± ", 'results new format'!K14)), LEFT('results new format'!K14, FIND(" ± ", 'results new format'!K14) - 2), 'results new format'!K14) -> 66.6 | L14: =IF(ISNUMBER(FIND(" ± ", 'results new format'!L14)), LEFT('results new format'!L14, FIND(" ± ", 'results new format'!L14) - 2), 'results new format'!L14) -> 3.1
D15: =IF(ISNUMBER(FIND("±", 'results new format'!D15)), LEFT('results new format'!D15, FIND("±", 'results new format'!D15) - 1), 'results new format'!D15) -> blocks7 | E15: =IF(ISNUMBER(FIND(" ± ", 'results new format'!E15)), LEFT('results new format'!E15, FIND(" ± ", 'results new format'!E15) - 2), 'results new format'!E15) -> 27.6 | F15: =IF(ISNUMBER(FIND(" ± ", 'results new format'!F15)), LEFT('results new format'!F15, FIND(" ± ", 'results new format'!F15) - 2), 'results new format'!F15) -> 0.3 | G15: =IF(ISNUMBER(FIND(" ± ", 'results new format'!G15)), LEFT('results new format'!G15, FIND(" ± ", 'results new format'!G15) - 2), 'results new format'!G15) -> 100 | H15: =IF(ISNUMBER(FIND(" ± ", 'results new format'!H15)), LEFT('results new format'!H15, FIND(" ± ", 'results new format'!H15) - 2), 'results new format'!H15) -> 23.9 | I15: =IF(ISNUMBER(FIND(" ± ", 'results new format'!I15)), LEFT('results new format'!I15, FIND(" ± ", 'results new format'!I15) - 2), 'results new format'!I15) -> 0.3 | J15: =IF(ISNUMBER(FIND(" ± ", 'results new format'!J15)), LEFT('results new format'!J15, FIND(" ± ", 'results new format'!J15) - 2), 'results new format'!J15) -> 100 | K15: =IF(ISNUMBER(FIND(" ± ", 'results new format'!K15)), LEFT('results new format'!K15, FIND(" ± ", 'results new format'!K15) - 2), 'results new format'!K15) -> 11.2 | L15: =IF(ISNUMBER(FIND(" ± ", 'results new format'!L15)), LEFT('results new format'!L15, FIND(" ± ", 'results new format'!L15) - 2), 'results new format'!L15) -> 0.1
D16: =IF(ISNUMBER(FIND("±", 'results new format'!D16)), LEFT('results new format'!D16, FIND("±", 'results new format'!D16) - 1), 'results new format'!D16) -> unix2 | E16: =IF(ISNUMBER(FIND(" ± ", 'results new format'!E16)), LEFT('results new format'!E16, FIND(" ± ", 'results new format'!E16) - 2), 'results new format'!E16) -> 178.4 | F16: =IF(ISNUMBER(FIND(" ± ", 'results new format'!F16)), LEFT('results new format'!F16, FIND(" ± ", 'results new format'!F16) - 2), 'results new format'!F16) -> 4.5 | G16: =IF(ISNUMBER(FIND(" ± ", 'results new format'!G16)), LEFT('results new format'!G16, FIND(" ± ", 'results new format'!G16) - 2), 'results new format'!G16) -> 100 | H16: =IF(ISNUMBER(FIND(" ± ", 'results new format'!H16)), LEFT('results new format'!H16, FIND(" ± ", 'results new format'!H16) - 2), 'results new format'!H16) -> 186.4 | I16: =IF(ISNUMBER(FIND(" ± ", 'results new format'!I16)), LEFT('results new format'!I16, FIND(" ± ", 'results new format'!I16) - 2), 'results new format'!I16) -> 6.9 | J16: =IF(ISNUMBER(FIND(" ± ", 'results new format'!J16)), LEFT('results new format'!J16, FIND(" ± ", 'results new format'!J16) - 2), 'results new format'!J16) -> 100 | K16: =IF(ISNUMBER(FIND(" ± ", 'results new format'!K16)), LEFT('results new format'!K16, FIND(" ± ", 'results new format'!K16) - 2), 'results new format'!K16) -> 45.7 | L16: =IF(ISNUMBER(FIND(" ± ", 'results new format'!L16)), LEFT('results new format'!L16, FIND(" ± ", 'results new format'!L16) - 2), 'results new format'!L16) -> 0.4
D17: =IF(ISNUMBER(FIND("±", 'results new format'!D17)), LEFT('results new format'!D17, FIND("±", 'results new format'!D17) - 1), 'results new format'!D17) -> unix3 | E17: =IF(ISNUMBER(FIND(" ± ", 'results new format'!E17)), LEFT('results new format'!E17, FIND(" ± ", 'results new format'!E17) - 2), 'results new format'!E17) -> 677.7 | F17: =IF(ISNUMBER(FIND(" ± ", 'results new format'!F17)), LEFT('results new format'!F17, FIND(" ± ", 'results new format'!F17) - 2), 'results new format'!F17) -> 170.3 | G17: =IF(ISNUMBER(FIND(" ± ", 'results new format'!G17)), LEFT('results new format'!G17, FIND(" ± ", 'results new format'!G17) - 2), 'results new format'!G17) -> 100 | H17: =IF(ISNUMBER(FIND(" ± ", 'results new format'!H17)), LEFT('results new format'!H17, FIND(" ± ", 'results new format'!H17) - 2), 'results new format'!H17) -> 696.4 | I17: =IF(ISNUMBER(FIND(" ± ", 'results new format'!I17)), LEFT('results new format'!I17, FIND(" ± ", 'results new format'!I17) - 2), 'results new format'!I17) -> 278.0 | J17: =IF(ISNUMBER(FIND(" ± ", 'results new format'!J17)), LEFT('results new format'!J17, FIND(" ± ", 'results new format'!J17) - 2), 'results new format'!J17) -> 100 | K17: =IF(ISNUMBER(FIND(" ± ", 'results new format'!K17)), LEFT('results new format'!K17, FIND(" ± ", 'results new format'!K17) - 2), 'results new format'!K17) -> 151.1 | L17: =IF(ISNUMBER(FIND(" ± ", 'results new format'!L17)), LEFT('results new format'!L17, FIND(" ± ", 'results new format'!L17) - 2), 'results new format'!L17) -> 7.4
D18: =IF(ISNUMBER(FIND("±", 'results new format'!D18)), LEFT('results new format'!D18, FIND("±", 'results new format'!D18) - 1), 'results new format'!D18) -> wumpus10 | E18: =IF(ISNUMBER(FIND(" ± ", 'results new format'!E18)), LEFT('results new format'!E18, FIND(" ± ", 'results new format'!E18) - 2), 'results new format'!E18) -> 111.7 | F18: =IF(ISNUMBER(FIND(" ± ", 'results new format'!F18)), LEFT('results new format'!F18, FIND(" ± ", 'results new format'!F18) - 2), 'results new format'!F18) -> 5.0 | G18: =IF(ISNUMBER(FIND(" ± ", 'results new format'!G18)), LEFT('results new format'!G18, FIND(" ± ", 'results new format'!G18) - 2), 'results new format'!G18) -> 100 | H18: =IF(ISNUMBER(FIND(" ± ", 'results new format'!H18)), LEFT('results new format'!H18, FIND(" ± ", 'results new format'!H18) - 2), 'results new format'!H18) -> 112.7 | I18: =IF(ISNUMBER(FIND(" ± ", 'results new format'!I18)), LEFT('results new format'!I18, FIND(" ± ", 'results new format'!I18) - 2), 'results new format'!I18) -> 5.9 | J18: =IF(ISNUMBER(FIND(" ± ", 'results new format'!J18)), LEFT('results new format'!J18, FIND(" ± ", 'results new format'!J18) - 2), 'results new format'!J18) -> 100 | K18: =IF(ISNUMBER(FIND(" ± ", 'results new format'!K18)), LEFT('results new format'!K18, FIND(" ± ", 'results new format'!K18) - 2), 'results new format'!K18) -> 65.8 | L18: =IF(ISNUMBER(FIND(" ± ", 'results new format'!L18)), LEFT('results new format'!L18, FIND(" ± ", 'results new format'!L18) - 2), 'results new format'!L18) -> 1.6
D19: =IF(ISNUMBER(FIND("±", 'results new format'!D19)), LEFT('results new format'!D19, FIND("±", 'results new format'!D19) - 1), 'results new format'!D19) -> wumpus15 | E19: =IF(ISNUMBER(FIND(" ± ", 'results new format'!E19)), LEFT('results new format'!E19, FIND(" ± ", 'results new format'!E19) - 2), 'results new format'!E19) -> 177.4 | F19: =IF(ISNUMBER(FIND(" ± ", 'results new format'!F19)), LEFT('results new format'!F19, FIND(" ± ", 'results new format'!F19) - 2), 'results new format'!F19) -> 34.9 | G19: =IF(ISNUMBER(FIND(" ± ", 'results new format'!G19)), LEFT('results new format'!G19, FIND(" ± ", 'results new format'!G19) - 2), 'results new format'!G19) -> 100 | H19: =IF(ISNUMBER(FIND(" ± ", 'results new format'!H19)), LEFT('results new format'!H19, FIND(" ± ", 'results new format'!H19) - 2), 'results new format'!H19) -> 178.4 | I19: =IF(ISNUMBER(FIND(" ± ", 'results new format'!I19)), LEFT('results new format'!I19, FIND(" ± ", 'results new format'!I19) - 2), 'results new format'!I19) -> 44.0 | J19: =IF(ISNUMBER(FIND(" ± ", 'results new format'!J19)), LEFT('results new format'!J19, FIND(" ± ", 'results new format'!J19) - 2), 'results new format'!J19) -> 100 | K19: =IF(ISNUMBER(FIND(" ± ", 'results new format'!K19)), LEFT('results new format'!K19, FIND(" ± ", 'results new format'!K19) - 2), 'results new format'!K19) -> 127.9 | L19: =IF(ISNUMBER(FIND(" ± ", 'results new format'!L19)), LEFT('results new format'!L19, FIND(" ± ", 'results new format'!L19) - 2), 'results new format'!L19) -> 16.2
D20: =IF(ISNUMBER(FIND("±", 'results new format'!D20)), LEFT('results new format'!D20, FIND("±", 'results new format'!D20) - 1), 'results new format'!D20) -> 0
D23: FN
D24: Problem | E24: Optimisitc | H24: Pessimistic | K24: Lazy | N24: MakeTrue
E25: Actions | F25: Time | G25: % Success | H25: Actions | I25: Time | J25: % Success | K25: Actions | L25: Time | M25: % Success | N25: Actions | O25: Time | P25: % Success
D26: doors-11 | E26: =IF(ISNUMBER(FIND(" ± ", 'results new format'!E26)), LEFT('results new format'!E26, FIND(" ± ", 'results new format'!E26) - 2), 'results new format'!E26) -> 94.3 | F26: =IF(ISNUMBER(FIND(" ± ", 'results new format'!F26)), LEFT('results new format'!F26, FIND(" ± ", 'results new format'!F26) - 2), 'results new format'!F26) -> 0.7 | G26: =IF(ISNUMBER(FIND(" ± ", 'results new format'!G26)), LEFT('results new format'!G26, FIND(" ± ", 'results new format'!G26) - 2), 'results new format'!G26) -> 100 | H26: =IF(ISNUMBER(FIND(" ± ", 'results new format'!H26)), LEFT('results new format'!H26, FIND(" ± ", 'results new format'!H26) - 2), 'results new format'!H26) -> 138.9 | I26: =IF(ISNUMBER(FIND(" ± ", 'results new format'!I26)), LEFT('results new format'!I26, FIND(" ± ", 'results new format'!I26) - 2), 'results new format'!I26) -> 2.1 | J26: =IF(ISNUMBER(FIND(" ± ", 'results new format'!J26)), LEFT('results new format'!J26, FIND(" ± ", 'results new format'!J26) - 2), 'results new format'!J26) -> 100 | K26: =IF(ISNUMBER(FIND(" ± ", 'results new format'!K26)), LEFT('results new format'!K26, FIND(" ± ", 'results new format'!K26) - 2), 'results new format'!K26) -> 97.1 | L26: =IF(ISNUMBER(FIND(" ± ", 'results new format'!L26)), LEFT('results new format'!L26, FIND(" ± ", 'results new format'!L26) - 2), 'results new format'!L26) -> 1.2 | ... P26: =IF(ISNUMBER(FIND(" ± ", 'results new format'!P26)), LEFT('results new format'!P26, FIND(" ± ", 'results new format'!P26) - 2), 'results new format'!P26) -> 8
D27: doors-13 | E27: =IF(ISNUMBER(FIND(" ± ", 'results new format'!E27)), LEFT('results new format'!E27, FIND(" ± ", 'results new format'!E27) - 2), 'results new format'!E27) -> 107.6 | F27: =IF(ISNUMBER(FIND(" ± ", 'results new format'!F27)), LEFT('results new format'!F27, FIND(" ± ", 'results new format'!F27) - 2), 'results new format'!F27) -> 1.4 | G27: =IF(ISNUMBER(FIND(" ± ", 'results new format'!G27)), LEFT('results new format'!G27, FIND(" ± ", 'results new format'!G27) - 2), 'results new format'!G27) -> 100 | H27: =IF(ISNUMBER(FIND(" ± ", 'results new format'!H27)), LEFT('results new format'!H27, FIND(" ± ", 'results new format'!H27) - 2), 'results new format'!H27) -> 144.9 | I27: =IF(ISNUMBER(FIND(" ± ", 'results new format'!I27)), LEFT('results new format'!I27, FIND(" ± ", 'results new format'!I27) - 2), 'results new format'!I27) -> 3.8 | J27: =IF(ISNUMBER(FIND(" ± ", 'results new format'!J27)), LEFT('results new format'!J27, FIND(" ± ", 'results new format'!J27) - 2), 'results new format'!J27) -> 100 | K27: =IF(ISNUMBER(FIND(" ± ", 'results new format'!K27)), LEFT('results new format'!K27, FIND(" ± ", 'results new format'!K27) - 2), 'results new format'!K27) -> 104.5 | L27: =IF(ISNUMBER(FIND(" ± ", 'results new format'!L27)), LEFT('results new format'!L27, FIND(" ± ", 'results new format'!L27) - 2), 'results new format'!L27) -> 2.2 | ... P27: =IF(ISNUMBER(FIND(" ± ", 'results new format'!P27)), LEFT('results new format'!P27, FIND(" ± ", 'results new format'!P27) - 2), 'results new format'!P27) -> 4
D28: doors-15 | E28: =IF(ISNUMBER(FIND(" ± ", 'results new format'!E28)), LEFT('results new format'!E28, FIND(" ± ", 'results new format'!E28) - 2), 'results new format'!E28) -> 164.5 | F28: =IF(ISNUMBER(FIND(" ± ", 'results new format'!F28)), LEFT('results new format'!F28, FIND(" ± ", 'results new format'!F28) - 2), 'results new format'!F28) -> 3.7 | G28: =IF(ISNUMBER(FIND(" ± ", 'results new format'!G28)), LEFT('results new format'!G28, FIND(" ± ", 'results new format'!G28) - 2), 'results new format'!G28) -> 100 | H28: =IF(ISNUMBER(FIND(" ± ", 'results new format'!H28)), LEFT('results new format'!H28, FIND(" ± ", 'results new format'!H28) - 2), 'results new format'!H28) -> 251.2 | I28: =IF(ISNUMBER(FIND(" ± ", 'results new format'!I28)), LEFT('results new format'!I28, FIND(" ± ", 'results new format'!I28) - 2), 'results new format'!I28) -> 11.3 | J28: =IF(ISNUMBER(FIND(" ± ", 'results new format'!J28)), LEFT('results new format'!J28, FIND(" ± ", 'results new format'!J28) - 2), 'results new format'!J28) -> 100 | K28: =IF(ISNUMBER(FIND(" ± ", 'results new format'!K28)), LEFT('results new format'!K28, FIND(" ± ", 'results new format'!K28) - 2), 'results new format'!K28) -> 177.5 | L28: =IF(ISNUMBER(FIND(" ± ", 'results new format'!L28)), LEFT('results new format'!L28, FIND(" ± ", 'results new format'!L28) - 2), 'results new format'!L28) -> 6.1 | ... P28: =IF(ISNUMBER(FIND(" ± ", 'results new format'!P28)), LEFT('results new format'!P28, FIND(" ± ", 'results new format'!P28) - 2), 'results new format'!P28) -> 4
D29: colorballs-9-3 | E29: =IF(ISNUMBER(FIND(" ± ", 'results new format'!E29)), LEFT('results new format'!E29, FIND(" ± ", 'results new format'!E29) - 2), 'results new format'!E29) -> 694.5 | F29: =IF(ISNUMBER(FIND(" ± ", 'results new format'!F29)), LEFT('results new format'!F29, FIND(" ± ", 'results new format'!F29) - 2), 'results new format'!F29) -> 53.9 | G29: =IF(ISNUMBER(FIND(" ± ", 'results new format'!G29)), LEFT('results new format'!G29, FIND(" ± ", 'results new format'!G29) - 2), 'results new format'!G29) -> 100 | H29: =IF(ISNUMBER(FIND(" ± ", 'results new format'!H29)), LEFT('results new format'!H29, FIND(" ± ", 'results new format'!H29) - 2), 'results new format'!H29) -> 770.5 | I29: =IF(ISNUMBER(FIND(" ± ", 'results new format'!I29)), LEFT('results new format'!I29, FIND(" ± ", 'results new format'!I29) - 2), 'results new format'!I29) -> 59.2 | J29: =IF(ISNUMBER(FIND(" ± ", 'results new format'!J29)), LEFT('results new format'!J29, FIND(" ± ", 'results new format'!J29) - 2), 'results new format'!J29) -> 100 | K29: =IF(ISNUMBER(FIND(" ± ", 'results new format'!K29)), LEFT('results new format'!K29, FIND(" ± ", 'results new format'!K29) - 2), 'results new format'!K29) -> 736.4 | L29: =IF(ISNUMBER(FIND(" ± ", 'results new format'!L29)), LEFT('results new format'!L29, FIND(" ± ", 'results new format'!L29) - 2), 'results new format'!L29) -> 55.7 | ... P29: =IF(ISNUMBER(FIND(" ± ", 'results new format'!P29)), LEFT('results new format'!P29, FIND(" ± ", 'results new format'!P29) - 2), 'results new format'!P29) -> 72
D30: colorballs-11-1 | E30: =IF(ISNUMBER(FIND(" ± ", 'results new format'!E30)), LEFT('results new format'!E30, FIND(" ± ", 'results new format'!E30) - 2), 'results new format'!E30) -> 454.6 | F30: =IF(ISNUMBER(FIND(" ± ", 'results new format'!F30)), LEFT('results new format'!F30, FIND(" ± ", 'results new format'!F30) - 2), 'results new format'!F30) -> 72.5 | G30: =IF(ISNUMBER(FIND(" ± ", 'results new format'!G30)), LEFT('results new format'!G30, FIND(" ± ", 'results new format'!G30) - 2), 'results new format'!G30) -> 100 | H30: =IF(ISNUMBER(FIND(" ± ", 'results new format'!H30)), LEFT('results new format'!H30, FIND(" ± ", 'results new format'!H30) - 2), 'results new format'!H30) -> 500.4 | I30: =IF(ISNUMBER(FIND(" ± ", 'results new format'!I30)), LEFT('results new format'!I30, FIND(" ± ", 'results new format'!I30) - 2), 'results new format'!I30) -> 84.3 | J30: =IF(ISNUMBER(FIND(" ± ", 'results new format'!J30)), LEFT('results new format'!J30, FIND(" ± ", 'results new format'!J30) - 2), 'results new format'!J30) -> 100 | K30: =IF(ISNUMBER(FIND(" ± ", 'results new format'!K30)), LEFT('results new format'!K30, FIND(" ± ", 'results new format'!K30) - 2), 'results new format'!K30) -> 475.9 | L30: =IF(ISNUMBER(FIND(" ± ", 'results new format'!L30)), LEFT('results new format'!L30, FIND(" ± ", 'results new format'!L30) - 2), 'results new format'!L30) -> 77.4 | ... P30: =IF(ISNUMBER(FIND(" ± ", 'results new format'!P30)), LEFT('results new format'!P30, FIND(" ± ", 'results new format'!P30) - 2), 'results new format'!P30) -> 76
D31: colorballs-11-2 | E31: =IF(ISNUMBER(FIND(" ± ", 'results new format'!E31)), LEFT('results new format'!E31, FIND(" ± ", 'results new format'!E31) - 2), 'results new format'!E31) -> 858.9 | F31: =IF(ISNUMBER(FIND(" ± ", 'results new format'!F31)), LEFT('results new format'!F31, FIND(" ± ", 'results new format'!F31) - 2), 'results new format'!F31) -> 156.4 | G31: =IF(ISNUMBER(FIND(" ± ", 'results new format'!G31)), LEFT('results new format'!G31, FIND(" ± ", 'results new format'!G31) - 2), 'results new format'!G31) -> 100 | H31: =IF(ISNUMBER(FIND(" ± ", 'results new format'!H31)), LEFT('results new format'!H31, FIND(" ± ", 'results new format'!H31) - 2), 'results new format'!H31) -> 912.3 | I31: =IF(ISNUMBER(FIND(" ± ", 'results new format'!I31)), LEFT('results new format'!I31, FIND(" ± ", 'results new format'!I31) - 2), 'results new format'!I31) -> 167.4 | J31: =IF(ISNUMBER(FIND(" ± ", 'results new format'!J31)), LEFT('results new format'!J31, FIND(" ± ", 'results new format'!J31) - 2), 'results new format'!J31) -> 100 | K31: =IF(ISNUMBER(FIND(" ± ", 'results new format'!K31)), LEFT('results new format'!K31, FIND(" ± ", 'results new format'!K31) - 2), 'results new format'!K31) -> 872.9 | L31: =IF(ISNUMBER(FIND(" ± ", 'results new format'!L31)), LEFT('results new format'!L31, FIND(" ± ", 'results new format'!L31) - 2), 'results new format'!L31) -> 160.3 | ... P31: =IF(ISNUMBER(FIND(" ± ", 'results new format'!P31)), LEFT('results new format'!P31, FIND(" ± ", 'results new format'!P31) - 2), 'results new format'!P31) -> 70
D32: cloghuge | E32: =IF(ISNUMBER(FIND(" ± ", 'results new format'!E32)), LEFT('results new format'!E32, FIND(" ± ", 'results new format'!E32) - 2), 'results new format'!E32) -> 143.5 | F32: =IF(ISNUMBER(FIND(" ± ", 'results new format'!F32)), LEFT('results new format'!F32, FIND(" ± ", 'results new format'!F32) - 2), 'results new format'!F32) -> 14.4 | G32: =IF(ISNUMBER(FIND(" ± ", 'results new format'!G32)), LEFT('results new format'!G32, FIND(" ± ", 'results new format'!G32) - 2), 'results new format'!G32) -> 100 | H32: =IF(ISNUMBER(FIND(" ± ", 'results new format'!H32)), LEFT('results new format'!H32, FIND(" ± ", 'results new format'!H32) - 2), 'results new format'!H32) -> 143.5 | I32: =IF(ISNUMBER(FIND(" ± ", 'results new format'!I32)), LEFT('results new format'!I32, FIND(" ± ", 'results new format'!I32) - 2), 'results new format'!I32) -> 24.7 | J32: =IF(ISNUMBER(FIND(" ± ", 'results new format'!J32)), LEFT('results new format'!J32, FIND(" ± ", 'results new format'!J32) - 2), 'results new format'!J32) -> 100 | K32: =IF(ISNUMBER(FIND(" ± ", 'results new format'!K32)), LEFT('results new format'!K32, FIND(" ± ", 'results new format'!K32) - 2), 'results new format'!K32) -> 93.9 | L32: =IF(ISNUMBER(FIND(" ± ", 'results new format'!L32)), LEFT('results new format'!L32, FIND(" ± ", 'results new format'!L32) - 2), 'results new format'!L32) -> 10.4 | ... P32: =IF(ISNUMBER(FIND(" ± ", 'results new format'!P32)), LEFT('results new format'!P32, FIND(" ± ", 'results new format'!P32) - 2), 'results new format'!P32) -> 44
D33: blocks7 | E33: =IF(ISNUMBER(FIND(" ± ", 'results new format'!E33)), LEFT('results new format'!E33, FIND(" ± ", 'results new format'!E33) - 2), 'results new format'!E33) -> 28.3 | F33: =IF(ISNUMBER(FIND(" ± ", 'results new format'!F33)), LEFT('results new format'!F33, FIND(" ± ", 'results new format'!F33) - 2), 'results new format'!F33) -> 0.6 | G33: =IF(ISNUMBER(FIND(" ± ", 'results new format'!G33)), LEFT('results new format'!G33, FIND(" ± ", 'results new format'!G33) - 2), 'results new format'!G33) -> 100 | H33: =IF(ISNUMBER(FIND(" ± ", 'results new format'!H33)), LEFT('results new format'!H33, FIND(" ± ", 'results new format'!H33) - 2), 'results new format'!H33) -> 23.8 | I33: =IF(ISNUMBER(FIND(" ± ", 'results new format'!I33)), LEFT('results new format'!I33, FIND(" ± ", 'results new format'!I33) - 2), 'results new format'!I33) -> 0.5 | J33: =IF(ISNUMBER(FIND(" ± ", 'results new format'!J33)), LEFT('results new format'!J33, FIND(" ± ", 'results new format'!J33) - 2), 'results new format'!J33) -> 100 | K33: =IF(ISNUMBER(FIND(" ± ", 'results new format'!K33)), LEFT('results new format'!K33, FIND(" ± ", 'results new format'!K33) - 2), 'results new format'!K33) -> 9.4 | L33: =IF(ISNUMBER(FIND(" ± ", 'results new format'!L33)), LEFT('results new format'!L33, FIND(" ± ", 'results new format'!L33) - 2), 'results new format'!L33) -> 0.2 | ... P33: =IF(ISNUMBER(FIND(" ± ", 'results new format'!P33)), LEFT('results new format'!P33, FIND(" ± ", 'results new format'!P33) - 2), 'results new format'!P33) -> 100
D34: unix2 | E34: =IF(ISNUMBER(FIND(" ± ", 'results new format'!E34)), LEFT('results new format'!E34, FIND(" ± ", 'results new format'!E34) - 2), 'results new format'!E34) -> 176.4 | F34: =IF(ISNUMBER(FIND(" ± ", 'results new format'!F34)), LEFT('results new format'!F34, FIND(" ± ", 'results new format'!F34) - 2), 'results new format'!F34) -> 3.6 | G34: =IF(ISNUMBER(FIND(" ± ", 'results new format'!G34)), LEFT('results new format'!G34, FIND(" ± ", 'results new format'!G34) - 2), 'results new format'!G34) -> 84 | H34: =IF(ISNUMBER(FIND(" ± ", 'results new format'!H34)), LEFT('results new format'!H34, FIND(" ± ", 'results new format'!H34) - 2), 'results new format'!H34) -> 193.3 | I34: =IF(ISNUMBER(FIND(" ± ", 'results new format'!I34)), LEFT('results new format'!I34, FIND(" ± ", 'results new format'!I34) - 2), 'results new format'!I34) -> 5.5 | J34: =IF(ISNUMBER(FIND(" ± ", 'results new format'!J34)), LEFT('results new format'!J34, FIND(" ± ", 'results new format'!J34) - 2), 'results new format'!J34) -> 100 | K34: =IF(ISNUMBER(FIND(" ± ", 'results new format'!K34)), LEFT('results new format'!K34, FIND(" ± ", 'results new format'!K34) - 2), 'results new format'!K34) -> 61.3 | L34: =IF(ISNUMBER(FIND(" ± ", 'results new format'!L34)), LEFT('results new format'!L34, FIND(" ± ", 'results new format'!L34) - 2), 'results new format'!L34) -> 1.2 | ... P34: =IF(ISNUMBER(FIND(" ± ", 'results new format'!P34)), LEFT('results new format'!P34, FIND(" ± ", 'results new format'!P34) - 2), 'results new format'!P34) -> 92
D35: unix3 | E35: =IF(ISNUMBER(FIND(" ± ", 'results new format'!E35)), LEFT('results new format'!E35, FIND(" ± ", 'results new format'!E35) - 2), 'results new format'!E35) -> 690.7 | F35: =IF(ISNUMBER(FIND(" ± ", 'results new format'!F35)), LEFT('results new format'!F35, FIND(" ± ", 'results new format'!F35) - 2), 'results new format'!F35) -> 171.8 | G35: =IF(ISNUMBER(FIND(" ± ", 'results new format'!G35)), LEFT('results new format'!G35, FIND(" ± ", 'results new format'!G35) - 2), 'results new format'!G35) -> 98 | H35: =IF(ISNUMBER(FIND(" ± ", 'results new format'!H35)), LEFT('results new format'!H35, FIND(" ± ", 'results new format'!H35) - 2), 'results new format'!H35) -> 691.3 | I35: =IF(ISNUMBER(FIND(" ± ", 'results new format'!I35)), LEFT('results new format'!I35, FIND(" ± ", 'results new format'!I35) - 2), 'results new format'!I35) -> 231.9 | J35: =IF(ISNUMBER(FIND(" ± ", 'results new format'!J35)), LEFT('results new format'!J35, FIND(" ± ", 'results new format'!J35) - 2), 'results new format'!J35) -> 100 | K35: =IF(ISNUMBER(FIND(" ± ", 'results new format'!K35)), LEFT('results new format'!K35, FIND(" ± ", 'results new format'!K35) - 2), 'results new format'!K35) -> 226.2 | L35: =IF(ISNUMBER(FIND(" ± ", 'results new format'!L35)), LEFT('results new format'!L35, FIND(" ± ", 'results new format'!L35) - 2), 'results new format'!L35) -> 47.7 | ... P35: =IF(ISNUMBER(FIND(" ± ", 'results new format'!P35)), LEFT('results new format'!P35, FIND(" ± ", 'results new format'!P35) - 2), 'results new format'!P35) -> 90
D36: wumpus10 | E36: =IF(ISNUMBER(FIND(" ± ", 'results new format'!E36)), LEFT('results new format'!E36, FIND(" ± ", 'results new format'!E36) - 2), 'results new format'!E36) -> 98.4 | F36: =IF(ISNUMBER(FIND(" ± ", 'results new format'!F36)), LEFT('results new format'!F36, FIND(" ± ", 'results new format'!F36) - 2), 'results new format'!F36) -> 3.7 | G36: =IF(ISNUMBER(FIND(" ± ", 'results new format'!G36)), LEFT('results new format'!G36, FIND(" ± ", 'results new format'!G36) - 2), 'results new format'!G36) -> 100 | H36: =IF(ISNUMBER(FIND(" ± ", 'results new format'!H36)), LEFT('results new format'!H36, FIND(" ± ", 'results new format'!H36) - 2), 'results new format'!H36) -> 99.4 | I36: =IF(ISNUMBER(FIND(" ± ", 'results new format'!I36)), LEFT('results new format'!I36, FIND(" ± ", 'results new format'!I36) - 2), 'results new format'!I36) -> 3.8 | J36: =IF(ISNUMBER(FIND(" ± ", 'results new format'!J36)), LEFT('results new format'!J36, FIND(" ± ", 'results new format'!J36) - 2), 'results new format'!J36) -> 100 | K36: =IF(ISNUMBER(FIND(" ± ", 'results new format'!K36)), LEFT('results new format'!K36, FIND(" ± ", 'results new format'!K36) - 2), 'results new format'!K36) -> 45.6 | L36: =IF(ISNUMBER(FIND(" ± ", 'results new format'!L36)), LEFT('results new format'!L36, FIND(" ± ", 'results new format'!L36) - 2), 'results new format'!L36) -> 1.0 | ... P36: =IF(ISNUMBER(FIND(" ± ", 'results new format'!P36)), LEFT('results new format'!P36, FIND(" ± ", 'results new format'!P36) - 2), 'results new format'!P36) -> 92
D37: wumpus15 | E37: =IF(ISNUMBER(FIND(" ± ", 'results new format'!E37)), LEFT('results new format'!E37, FIND(" ± ", 'results new format'!E37) - 2), 'results new format'!E37) -> 195.0 | F37: =IF(ISNUMBER(FIND(" ± ", 'results new format'!F37)), LEFT('results new format'!F37, FIND(" ± ", 'results new format'!F37) - 2), 'results new format'!F37) -> 33.0 | G37: =IF(ISNUMBER(FIND(" ± ", 'results new format'!G37)), LEFT('results new format'!G37, FIND(" ± ", 'results new format'!G37) - 2), 'results new format'!G37) -> 100 | H37: =IF(ISNUMBER(FIND(" ± ", 'results new format'!H37)), LEFT('results new format'!H37, FIND(" ± ", 'results new format'!H37) - 2), 'results new format'!H37) -> 196.0 | I37: =IF(ISNUMBER(FIND(" ± ", 'results new format'!I37)), LEFT('results new format'!I37, FIND(" ± ", 'results new format'!I37) - 2), 'results new format'!I37) -> 32.0 | J37: =IF(ISNUMBER(FIND(" ± ", 'results new format'!J37)), LEFT('results new format'!J37, FIND(" ± ", 'results new format'!J37) - 2), 'results new format'!J37) -> 100 | K37: =IF(ISNUMBER(FIND(" ± ", 'results new format'!K37)), LEFT('results new format'!K37, FIND(" ± ", 'results new format'!K37) - 2), 'results new format'!K37) -> 75.1 | L37: =IF(ISNUMBER(FIND(" ± ", 'results new format'!L37)), LEFT('results new format'!L37, FIND(" ± ", 'results new format'!L37) - 2), 'results new format'!L37) -> 9.0 | ... P37: =IF(ISNUMBER(FIND(" ± ", 'results new format'!P37)), LEFT('results new format'!P37, FIND(" ± ", 'results new format'!P37) - 2), 'results new format'!P37) -> 94
D41: FB
D42: Problem | E42: Optimisitc | H42: Lazy | K42: MakeTrue
E43: Actions | F43: Time | G43: % Success | H43: Actions | I43: Time | J43: % Success | K43: Actions | L43: Time | M43: % Success
D44: doors-11 | E44: =IF(ISNUMBER(FIND(" ± ", 'results new format'!E44)), LEFT('results new format'!E44, FIND(" ± ", 'results new format'!E44) - 2), 'results new format'!E44) -> 94.4 | F44: =IF(ISNUMBER(FIND(" ± ", 'results new format'!F44)), LEFT('results new format'!F44, FIND(" ± ", 'results new format'!F44) - 2), 'results new format'!F44) -> 0.8 | G44: =IF(ISNUMBER(FIND(" ± ", 'results new format'!G44)), LEFT('results new format'!G44, FIND(" ± ", 'results new format'!G44) - 2), 'results new format'!G44) -> 100 | H44: =IF(ISNUMBER(FIND(" ± ", 'results new format'!H44)), LEFT('results new format'!H44, FIND(" ± ", 'results new format'!H44) - 2), 'results new format'!H44) -> 91.4 | I44: =IF(ISNUMBER(FIND(" ± ", 'results new format'!I44)), LEFT('results new format'!I44, FIND(" ± ", 'results new format'!I44) - 2), 'results new format'!I44) -> 1.1 | J44: =IF(ISNUMBER(FIND(" ± ", 'results new format'!J44)), LEFT('results new format'!J44, FIND(" ± ", 'results new format'!J44) - 2), 'results new format'!J44) -> 100 | K44: =IF(ISNUMBER(FIND(" ± ", 'results new format'!K44)), LEFT('results new format'!K44, FIND(" ± ", 'results new format'!K44) - 2), 'results new format'!K44) -> 129.2 | L44: =IF(ISNUMBER(FIND(" ± ", 'results new format'!L44)), LEFT('results new format'!L44, FIND(" ± ", 'results new format'!L44) - 2), 'results new format'!L44) -> 1.1 | M44: =IF(ISNUMBER(FIND(" ± ", 'results new format'!M44)), LEFT('results new format'!M44, FIND(" ± ", 'results new format'!M44) - 2), 'results new format'!M44) -> 10
D45: doors-13 | E45: =IF(ISNUMBER(FIND(" ± ", 'results new format'!E45)), LEFT('results new format'!E45, FIND(" ± ", 'results new format'!E45) - 2), 'results new format'!E45) -> 102.7 | F45: =IF(ISNUMBER(FIND(" ± ", 'results new format'!F45)), LEFT('results new format'!F45, FIND(" ± ", 'results new format'!F45) - 2), 'results new format'!F45) -> 1.4 | G45: =IF(ISNUMBER(FIND(" ± ", 'results new format'!G45)), LEFT('results new format'!G45, FIND(" ± ", 'results new format'!G45) - 2), 'results new format'!G45) -> 100 | H45: =IF(ISNUMBER(FIND(" ± ", 'results new format'!H45)), LEFT('results new format'!H45, FIND(" ± ", 'results new format'!H45) - 2), 'results new format'!H45) -> 104.8 | I45: =IF(ISNUMBER(FIND(" ± ", 'results new format'!I45)), LEFT('results new format'!I45, FIND(" ± ", 'results new format'!I45) - 2), 'results new format'!I45) -> 2.0 | J45: =IF(ISNUMBER(FIND(" ± ", 'results new format'!J45)), LEFT('results new format'!J45, FIND(" ± ", 'results new format'!J45) - 2), 'results new format'!J45) -> 100 | K45: =IF(ISNUMBER(FIND(" ± ", 'results new format'!K45)), LEFT('results new format'!K45, FIND(" ± ", 'results new format'!K45) - 2), 'results new format'!K45) -> 79.8 | L45: =IF(ISNUMBER(FIND(" ± ", 'results new format'!L45)), LEFT('results new format'!L45, FIND(" ± ", 'results new format'!L45) - 2), 'results new format'!L45) -> 1.5 | M45: =IF(ISNUMBER(FIND(" ± ", 'results new format'!M45)), LEFT('results new format'!M45, FIND(" ± ", 'results new format'!M45) - 2), 'results new format'!M45) -> 12
D46: doors-15 | E46: =IF(ISNUMBER(FIND(" ± ", 'results new format'!E46)), LEFT('results new format'!E46, FIND(" ± ", 'results new format'!E46) - 2), 'results new format'!E46) -> 0 | F46: =IF(ISNUMBER(FIND(" ± ", 'results new format'!F46)), LEFT('results new format'!F46, FIND(" ± ", 'results new format'!F46) - 2), 'results new format'!F46) -> 0 | G46: =IF(ISNUMBER(FIND(" ± ", 'results new format'!G46)), LEFT('results new format'!G46, FIND(" ± ", 'results new format'!G46) - 2), 'results new format'!G46) -> 0 | H46: =IF(ISNUMBER(FIND(" ± ", 'results new format'!H46)), LEFT('results new format'!H46, FIND(" ± ", 'results new format'!H46) - 2), 'results new format'!H46) -> 0 | I46: =IF(ISNUMBER(FIND(" ± ", 'results new format'!I46)), LEFT('results new format'!I46, FIND(" ± ", 'results new format'!I46) - 2), 'results new format'!I46) -> 0 | J46: =IF(ISNUMBER(FIND(" ± ", 'results new format'!J46)), LEFT('results new format'!J46, FIND(" ± ", 'results new format'!J46) - 2), 'results new format'!J46) -> 0 | K46: =IF(ISNUMBER(FIND(" ± ", 'results new format'!K46)), LEFT('results new format'!K46, FIND(" ± ", 'results new format'!K46) - 2), 'results new format'!K46) -> 0 | L46: =IF(ISNUMBER(FIND(" ± ", 'results new format'!L46)), LEFT('results new format'!L46, FIND(" ± ", 'results new format'!L46) - 2), 'results new format'!L46) -> 0 | M46: =IF(ISNUMBER(FIND(" ± ", 'results new format'!M46)), LEFT('results new format'!M46, FIND(" ± ", 'results new format'!M46) - 2), 'results new format'!M46) -> 0
D47: colorballs-9-3 | E47: =IF(ISNUMBER(FIND(" ± ", 'results new format'!E47)), LEFT('results new format'!E47, FIND(" ± ", 'results new format'!E47) - 2), 'results new format'!E47) -> 715.7 | F47: =IF(ISNUMBER(FIND(" ± ", 'results new format'!F47)), LEFT('results new format'!F47, FIND(" ± ", 'results new format'!F47) - 2), 'results new format'!F47) -> 52.5 | G47: =IF(ISNUMBER(FIND(" ± ", 'results new format'!G47)), LEFT('results new format'!G47, FIND(" ± ", 'results new format'!G47) - 2), 'results new format'!G47) -> 100 | H47: =IF(ISNUMBER(FIND(" ± ", 'results new format'!H47)), LEFT('results new format'!H47, FIND(" ± ", 'results new format'!H47) - 2), 'results new format'!H47) -> 727.5 | I47: =IF(ISNUMBER(FIND(" ± ", 'results new format'!I47)), LEFT('results new format'!I47, FIND(" ± ", 'results new format'!I47) - 2), 'results new format'!I47) -> 53.7 | J47: =IF(ISNUMBER(FIND(" ± ", 'results new format'!J47)), LEFT('results new format'!J47, FIND(" ± ", 'results new format'!J47) - 2), 'results new format'!J47) -> 100 | K47: =IF(ISNUMBER(FIND(" ± ", 'results new format'!K47)), LEFT('results new format'!K47, FIND(" ± ", 'results new format'!K47) - 2), 'results new format'!K47) -> 725.6 | L47: =IF(ISNUMBER(FIND(" ± ", 'results new format'!L47)), LEFT('results new format'!L47, FIND(" ± ", 'results new format'!L47) - 2), 'results new format'!L47) -> 54.7 | M47: =IF(ISNUMBER(FIND(" ± ", 'results new format'!M47)), LEFT('results new format'!M47, FIND(" ± ", 'results new format'!M47) - 2), 'results new format'!M47) -> 72
D48: colorballs-11-1 | E48: =IF(ISNUMBER(FIND(" ± ", 'results new format'!E48)), LEFT('results new format'!E48, FIND(" ± ", 'results new format'!E48) - 2), 'results new format'!E48) -> 486.8 | F48: =IF(ISNUMBER(FIND(" ± ", 'results new format'!F48)), LEFT('results new format'!F48, FIND(" ± ", 'results new format'!F48) - 2), 'results new format'!F48) -> 75.1 | G48: =IF(ISNUMBER(FIND(" ± ", 'results new format'!G48)), LEFT('results new format'!G48, FIND(" ± ", 'results new format'!G48) - 2), 'results new format'!G48) -> 100 | H48: =IF(ISNUMBER(FIND(" ± ", 'results new format'!H48)), LEFT('results new format'!H48, FIND(" ± ", 'results new format'!H48) - 2), 'results new format'!H48) -> 467.2 | I48: =IF(ISNUMBER(FIND(" ± ", 'results new format'!I48)), LEFT('results new format'!I48, FIND(" ± ", 'results new format'!I48) - 2), 'results new format'!I48) -> 75.4 | J48: =IF(ISNUMBER(FIND(" ± ", 'results new format'!J48)), LEFT('results new format'!J48, FIND(" ± ", 'results new format'!J48) - 2), 'results new format'!J48) -> 100 | K48: =IF(ISNUMBER(FIND(" ± ", 'results new format'!K48)), LEFT('results new format'!K48, FIND(" ± ", 'results new format'!K48) - 2), 'results new format'!K48) -> 478.9 | L48: =IF(ISNUMBER(FIND(" ± ", 'results new format'!L48)), LEFT('results new format'!L48, FIND(" ± ", 'results new format'!L48) - 2), 'results new format'!L48) -> 82.8 | M48: =IF(ISNUMBER(FIND(" ± ", 'results new format'!M48)), LEFT('results new format'!M48, FIND(" ± ", 'results new format'!M48) - 2), 'results new format'!M48) -> 78
D49: colorballs-11-2 | E49: =IF(ISNUMBER(FIND(" ± ", 'results new format'!E49)), LEFT('results new format'!E49, FIND(" ± ", 'results new format'!E49) - 2), 'results new format'!E49) -> 899.5 | F49: =IF(ISNUMBER(FIND(" ± ", 'results new format'!F49)), LEFT('results new format'!F49, FIND(" ± ", 'results new format'!F49) - 2), 'results new format'!F49) -> 157.9 | G49: =IF(ISNUMBER(FIND(" ± ", 'results new format'!G49)), LEFT('results new format'!G49, FIND(" ± ", 'results new format'!G49) - 2), 'results new format'!G49) -> 100 | H49: =IF(ISNUMBER(FIND(" ± ", 'results new format'!H49)), LEFT('results new format'!H49, FIND(" ± ", 'results new format'!H49) - 2), 'results new format'!H49) -> 930.2 | I49: =IF(ISNUMBER(FIND(" ± ", 'results new format'!I49)), LEFT('results new format'!I49, FIND(" ± ", 'results new format'!I49) - 2), 'results new format'!I49) -> 170.5 | J49: =IF(ISNUMBER(FIND(" ± ", 'results new format'!J49)), LEFT('results new format'!J49, FIND(" ± ", 'results new format'!J49) - 2), 'results new format'!J49) -> 100 | K49: =IF(ISNUMBER(FIND(" ± ", 'results new format'!K49)), LEFT('results new format'!K49, FIND(" ± ", 'results new format'!K49) - 2), 'results new format'!K49) -> 945.4 | L49: =IF(ISNUMBER(FIND(" ± ", 'results new format'!L49)), LEFT('results new format'!L49, FIND(" ± ", 'results new format'!L49) - 2), 'results new format'!L49) -> 181.8 | M49: =IF(ISNUMBER(FIND(" ± ", 'results new format'!M49)), LEFT('results new format'!M49, FIND(" ± ", 'results new format'!M49) - 2), 'results new format'!M49) -> 80
D50: cloghuge | E50: =IF(ISNUMBER(FIND(" ± ", 'results new format'!E50)), LEFT('results new format'!E50, FIND(" ± ", 'results new format'!E50) - 2), 'results new format'!E50) -> 139.4 | F50: =IF(ISNUMBER(FIND(" ± ", 'results new format'!F50)), LEFT('results new format'!F50, FIND(" ± ", 'results new format'!F50) - 2), 'results new format'!F50) -> 12.1 | G50: =IF(ISNUMBER(FIND(" ± ", 'results new format'!G50)), LEFT('results new format'!G50, FIND(" ± ", 'results new format'!G50) - 2), 'results new format'!G50) -> 100 | H50: =IF(ISNUMBER(FIND(" ± ", 'results new format'!H50)), LEFT('results new format'!H50, FIND(" ± ", 'results new format'!H50) - 2), 'results new format'!H50) -> 84.5 | I50: =IF(ISNUMBER(FIND(" ± ", 'results new format'!I50)), LEFT('results new format'!I50, FIND(" ± ", 'results new format'!I50) - 2), 'results new format'!I50) -> 6.8 | J50: =IF(ISNUMBER(FIND(" ± ", 'results new format'!J50)), LEFT('results new format'!J50, FIND(" ± ", 'results new format'!J50) - 2), 'results new format'!J50) -> 100 | K50: =IF(ISNUMBER(FIND(" ± ", 'results new format'!K50)), LEFT('results new format'!K50, FIND(" ± ", 'results new format'!K50) - 2), 'results new format'!K50) -> 68.2 | L50: =IF(ISNUMBER(FIND(" ± ", 'results new format'!L50)), LEFT('results new format'!L50, FIND(" ± ", 'results new format'!L50) - 2), 'results new format'!L50) -> 3.4 | M50: =IF(ISNUMBER(FIND(" ± ", 'results new format'!M50)), LEFT('results new format'!M50, FIND(" ± ", 'results new format'!M50) - 2), 'results new format'!M50) -> 58
D51: blocks7 | E51: =IF(ISNUMBER(FIND(" ± ", 'results new format'!E51)), LEFT('results new format'!E51, FIND(" ± ", 'results new format'!E51) - 2), 'results new format'!E51) -> 28.4 | F51: =IF(ISNUMBER(FIND(" ± ", 'results new format'!F51)), LEFT('results new format'!F51, FIND(" ± ", 'results new format'!F51) - 2), 'results new format'!F51) -> 1.4 | G51: =IF(ISNUMBER(FIND(" ± ", 'results new format'!G51)), LEFT('results new format'!G51, FIND(" ± ", 'results new format'!G51) - 2), 'results new format'!G51) -> 100 | H51: =IF(ISNUMBER(FIND(" ± ", 'results new format'!H51)), LEFT('results new format'!H51, FIND(" ± ", 'results new format'!H51) - 2), 'results new format'!H51) -> 11.7 | I51: =IF(ISNUMBER(FIND(" ± ", 'results new format'!I51)), LEFT('results new format'!I51, FIND(" ± ", 'results new format'!I51) - 2), 'results new format'!I51) -> 0.2 | J51: =IF(ISNUMBER(FIND(" ± ", 'results new format'!J51)), LEFT('results new format'!J51, FIND(" ± ", 'results new format'!J51) - 2), 'results new format'!J51) -> 96 | K51: =IF(ISNUMBER(FIND(" ± ", 'results new format'!K51)), LEFT('results new format'!K51, FIND(" ± ", 'results new format'!K51) - 2), 'results new format'!K51) -> 11.7 | L51: =IF(ISNUMBER(FIND(" ± ", 'results new format'!L51)), LEFT('results new format'!L51, FIND(" ± ", 'results new format'!L51) - 2), 'results new format'!L51) -> 0.2 | M51: =IF(ISNUMBER(FIND(" ± ", 'results new format'!M51)), LEFT('results new format'!M51, FIND(" ± ", 'results new format'!M51) - 2), 'results new format'!M51) -> 96
D52: unix2 | E52: =IF(ISNUMBER(FIND(" ± ", 'results new format'!E52)), LEFT('results new format'!E52, FIND(" ± ", 'results new format'!E52) - 2), 'results new format'!E52) -> 172.5 | F52: =IF(ISNUMBER(FIND(" ± ", 'results new format'!F52)), LEFT('results new format'!F52, FIND(" ± ", 'results new format'!F52) - 2), 'results new format'!F52) -> 4.4 | G52: =IF(ISNUMBER(FIND(" ± ", 'results new format'!G52)), LEFT('results new format'!G52, FIND(" ± ", 'results new format'!G52) - 2), 'results new format'!G52) -> 100 | H52: =IF(ISNUMBER(FIND(" ± ", 'results new format'!H52)), LEFT('results new format'!H52, FIND(" ± ", 'results new format'!H52) - 2), 'results new format'!H52) -> 77.2 | I52: =IF(ISNUMBER(FIND(" ± ", 'results new format'!I52)), LEFT('results new format'!I52, FIND(" ± ", 'results new format'!I52) - 2), 'results new format'!I52) -> 1.8 | J52: =IF(ISNUMBER(FIND(" ± ", 'results new format'!J52)), LEFT('results new format'!J52, FIND(" ± ", 'results new format'!J52) - 2), 'results new format'!J52) -> 100 | K52: =IF(ISNUMBER(FIND(" ± ", 'results new format'!K52)), LEFT('results new format'!K52, FIND(" ± ", 'results new format'!K52) - 2), 'results new format'!K52) -> 51.0 | L52: =IF(ISNUMBER(FIND(" ± ", 'results new format'!L52)), LEFT('results new format'!L52, FIND(" ± ", 'results new format'!L52) - 2), 'results new format'!L52) -> 1.0 | M52: =IF(ISNUMBER(FIND(" ± ", 'results new format'!M52)), LEFT('results new format'!M52, FIND(" ± ", 'results new format'!M52) - 2), 'results new format'!M52) -> 72
D53: unix3 | E53: =IF(ISNUMBER(FIND(" ± ", 'results new format'!E53)), LEFT('results new format'!E53, FIND(" ± ", 'results new format'!E53) - 2), 'results new format'!E53) -> 690.0 | F53: =IF(ISNUMBER(FIND(" ± ", 'results new format'!F53)), LEFT('results new format'!F53, FIND(" ± ", 'results new format'!F53) - 2), 'results new format'!F53) -> 177.2 | G53: =IF(ISNUMBER(FIND(" ± ", 'results new format'!G53)), LEFT('results new format'!G53, FIND(" ± ", 'results new format'!G53) - 2), 'results new format'!G53) -> 98 | H53: =IF(ISNUMBER(FIND(" ± ", 'results new format'!H53)), LEFT('results new format'!H53, FIND(" ± ", 'results new format'!H53) - 2), 'results new format'!H53) -> 255.4 | I53: =IF(ISNUMBER(FIND(" ± ", 'results new format'!I53)), LEFT('results new format'!I53, FIND(" ± ", 'results new format'!I53) - 2), 'results new format'!I53) -> 42.0 | J53: =IF(ISNUMBER(FIND(" ± ", 'results new format'!J53)), LEFT('results new format'!J53, FIND(" ± ", 'results new format'!J53) - 2), 'results new format'!J53) -> 100 | K53: =IF(ISNUMBER(FIND(" ± ", 'results new format'!K53)), LEFT('results new format'!K53, FIND(" ± ", 'results new format'!K53) - 2), 'results new format'!K53) -> 184.3 | L53: =IF(ISNUMBER(FIND(" ± ", 'results new format'!L53)), LEFT('results new format'!L53, FIND(" ± ", 'results new format'!L53) - 2), 'results new format'!L53) -> 24.5 | M53: =IF(ISNUMBER(FIND(" ± ", 'results new format'!M53)), LEFT('results new format'!M53, FIND(" ± ", 'results new format'!M53) - 2), 'results new format'!M53) -> 84
D54: wumpus10 | E54: =IF(ISNUMBER(FIND(" ± ", 'results new format'!E54)), LEFT('results new format'!E54, FIND(" ± ", 'results new format'!E54) - 2), 'results new format'!E54) -> 107.9 | F54: =IF(ISNUMBER(FIND(" ± ", 'results new format'!F54)), LEFT('results new format'!F54, FIND(" ± ", 'results new format'!F54) - 2), 'results new format'!F54) -> 4.6 | G54: =IF(ISNUMBER(FIND(" ± ", 'results new format'!G54)), LEFT('results new format'!G54, FIND(" ± ", 'results new format'!G54) - 2), 'results new format'!G54) -> 100 | H54: =IF(ISNUMBER(FIND(" ± ", 'results new format'!H54)), LEFT('results new format'!H54, FIND(" ± ", 'results new format'!H54) - 2), 'results new format'!H54) -> 75.5 | I54: =IF(ISNUMBER(FIND(" ± ", 'results new format'!I54)), LEFT('results new format'!I54, FIND(" ± ", 'results new format'!I54) - 2), 'results new format'!I54) -> 1.6 | J54: =IF(ISNUMBER(FIND(" ± ", 'results new format'!J54)), LEFT('results new format'!J54, FIND(" ± ", 'results new format'!J54) - 2), 'results new format'!J54) -> 100 | K54: =IF(ISNUMBER(FIND(" ± ", 'results new format'!K54)), LEFT('results new format'!K54, FIND(" ± ", 'results new format'!K54) - 2), 'results new format'!K54) -> 67.9 | L54: =IF(ISNUMBER(FIND(" ± ", 'results new format'!L54)), LEFT('results new format'!L54, FIND(" ± ", 'results new format'!L54) - 2), 'results new format'!L54) -> 1.4 | M54: =IF(ISNUMBER(FIND(" ± ", 'results new format'!M54)), LEFT('results new format'!M54, FIND(" ± ", 'results new format'!M54) - 2), 'results new format'!M54) -> 78
D55: wumpus15 | E55: =IF(ISNUMBER(FIND(" ± ", 'results new format'!E55)), LEFT('results new format'!E55, FIND(" ± ", 'results new format'!E55) - 2), 'results new format'!E55) -> 176.6 | F55: =IF(ISNUMBER(FIND(" ± ", 'results new format'!F55)), LEFT('results new format'!F55, FIND(" ± ", 'results new format'!F55) - 2), 'results new format'!F55) -> 27.7 | G55: =IF(ISNUMBER(FIND(" ± ", 'results new format'!G55)), LEFT('results new format'!G55, FIND(" ± ", 'results new format'!G55) - 2), 'results new format'!G55) -> 100 | H55: =IF(ISNUMBER(FIND(" ± ", 'results new format'!H55)), LEFT('results new format'!H55, FIND(" ± ", 'results new format'!H55) - 2), 'results new format'!H55) -> 128.3 | I55: =IF(ISNUMBER(FIND(" ± ", 'results new format'!I55)), LEFT('results new format'!I55, FIND(" ± ", 'results new format'!I55) - 2), 'results new format'!I55) -> 11.1 | J55: =IF(ISNUMBER(FIND(" ± ", 'results new format'!J55)), LEFT('results new format'!J55, FIND(" ± ", 'results new format'!J55) - 2), 'results new format'!J55) -> 100 | K55: =IF(ISNUMBER(FIND(" ± ", 'results new format'!K55)), LEFT('results new format'!K55, FIND(" ± ", 'results new format'!K55) - 2), 'results new format'!K55) -> 120.1 | L55: =IF(ISNUMBER(FIND(" ± ", 'results new format'!L55)), LEFT('results new format'!L55, FIND(" ± ", 'results new format'!L55) - 2), 'results new format'!L55) -> 12.9 | M55: =IF(ISNUMBER(FIND(" ± ", 'results new format'!M55)), LEFT('results new format'!M55, FIND(" ± ", 'results new format'!M55) - 2), 'results new format'!M55) -> 86
D59: OP
D60: Problem | E60: Heuristic | H60: Translation-Based
E61: Actions | F61: Time | G61: % Success | H61: Actions | I61: Time | J61: % Success
D62: doors-11 | E62: =IF(ISNUMBER(FIND(" ± ", 'results new format'!E62)), LEFT('results new format'!E62, FIND(" ± ", 'results new format'!E62) - 2), 'results new format'!E62) -> 74.5 | F62: =IF(ISNUMBER(FIND(" ± ", 'results new format'!F62)), LEFT('results new format'!F62, FIND(" ± ", 'results new format'!F62) - 2), 'results new format'!F62) -> 1.3 | G62: =IF(ISNUMBER(FIND(" ± ", 'results new format'!G62)), LEFT('results new format'!G62, FIND(" ± ", 'results new format'!G62) - 2), 'results new format'!G62) -> 100 | H62: =IF(ISNUMBER(FIND(" ± ", 'results new format'!H62)), LEFT('results new format'!H62, FIND(" ± ", 'results new format'!H62) - 2), 'results new format'!H62) -> 75.4 | I62: =IF(ISNUMBER(FIND(" ± ", 'results new format'!I62)), LEFT('results new format'!I62, FIND(" ± ", 'results new format'!I62) - 2), 'results new format'!I62) -> 1.2 | J62: =IF(ISNUMBER(FIND(" ± ", 'results new format'!J62)), LEFT('results new format'!J62, FIND(" ± ", 'results new format'!J62) - 2), 'results new format'!J62) -> 100
D63: doors-13 | E63: =IF(ISNUMBER(FIND(" ± ", 'results new format'!E63)), LEFT('results new format'!E63, FIND(" ± ", 'results new format'!E63) - 2), 'results new format'!E63) -> 86.1 | F63: =IF(ISNUMBER(FIND(" ± ", 'results new format'!F63)), LEFT('results new format'!F63, FIND(" ± ", 'results new format'!F63) - 2), 'results new format'!F63) -> 2.8 | G63: =IF(ISNUMBER(FIND(" ± ", 'results new format'!G63)), LEFT('results new format'!G63, FIND(" ± ", 'results new format'!G63) - 2), 'results new format'!G63) -> 100 | H63: =IF(ISNUMBER(FIND(" ± ", 'results new format'!H63)), LEFT('results new format'!H63, FIND(" ± ", 'results new format'!H63) - 2), 'results new format'!H63) -> 85.4 | I63: =IF(ISNUMBER(FIND(" ± ", 'results new format'!I63)), LEFT('results new format'!I63, FIND(" ± ", 'results new format'!I63) - 2), 'results new format'!I63) -> 3.0 | J63: =IF(ISNUMBER(FIND(" ± ", 'results new format'!J63)), LEFT('results new format'!J63, FIND(" ± ", 'results new format'!J63) - 2), 'results new format'!J63) -> 100
D64: doors-15 | E64: =IF(ISNUMBER(FIND(" ± ", 'results new format'!E64)), LEFT('results new format'!E64, FIND(" ± ", 'results new format'!E64) - 2), 'results new format'!E64) -> 135.1 | F64: =IF(ISNUMBER(FIND(" ± ", 'results new format'!F64)), LEFT('results new format'!F64, FIND(" ± ", 'results new format'!F64) - 2), 'results new format'!F64) -> 8.1 | G64: =IF(ISNUMBER(FIND(" ± ", 'results new format'!G64)), LEFT('results new format'!G64, FIND(" ± ", 'results new format'!G64) - 2), 'results new format'!G64) -> 100 | H64: =IF(ISNUMBER(FIND(" ± ", 'results new format'!H64)), LEFT('results new format'!H64, FIND(" ± ", 'results new format'!H64) - 2), 'results new format'!H64) -> 131.9 | I64: =IF(ISNUMBER(FIND(" ± ", 'results new format'!I64)), LEFT('results new format'!I64, FIND(" ± ", 'results new format'!I64) - 2), 'results new format'!I64) -> 14.8 | J64: =IF(ISNUMBER(FIND(" ± ", 'results new format'!J64)), LEFT('results new format'!J64, FIND(" ± ", 'results new format'!J64) - 2), 'results new format'!J64) -> 100
D65: colorballs-9-3 | E65: =IF(ISNUMBER(FIND(" ± ", 'results new format'!E65)), LEFT('results new format'!E65, FIND(" ± ", 'results new format'!E65) - 2), 'results new format'!E65) -> 745.7 | F65: =IF(ISNUMBER(FIND(" ± ", 'results new format'!F65)), LEFT('results new format'!F65, FIND(" ± ", 'results new format'!F65) - 2), 'results new format'!F65) -> 108.1 | G65: =IF(ISNUMBER(FIND(" ± ", 'results new format'!G65)), LEFT('results new format'!G65, FIND(" ± ", 'results new format'!G65) - 2), 'results new format'!G65) -> 100 | H65: =IF(ISNUMBER(FIND(" ± ", 'results new format'!H65)), LEFT('results new format'!H65, FIND(" ± ", 'results new format'!H65) - 2), 'results new format'!H65) -> 821.9 | I65: =IF(ISNUMBER(FIND(" ± ", 'results new format'!I65)), LEFT('results new format'!I65, FIND(" ± ", 'results new format'!I65) - 2), 'results new format'!I65) -> 215.0 | J65: =IF(ISNUMBER(FIND(" ± ", 'results new format'!J65)), LEFT('results new format'!J65, FIND(" ± ", 'results new format'!J65) - 2), 'results new format'!J65) -> 64
D66: colorballs-11-1 | E66: =IF(ISNUMBER(FIND(" ± ", 'results new format'!E66)), LEFT('results new format'!E66, FIND(" ± ", 'results new format'!E66) - 2), 'results new format'!E66) -> 465.7 | F66: =IF(ISNUMBER(FIND(" ± ", 'results new format'!F66)), LEFT('results new format'!F66, FIND(" ± ", 'results new format'!F66) - 2), 'results new format'!F66) -> 146.6 | G66: =IF(ISNUMBER(FIND(" ± ", 'results new format'!G66)), LEFT('results new format'!G66, FIND(" ± ", 'results new format'!G66) - 2), 'results new format'!G66) -> 100 | H66: =IF(ISNUMBER(FIND(" ± ", 'results new format'!H66)), LEFT('results new format'!H66, FIND(" ± ", 'results new format'!H66) - 2), 'results new format'!H66) -> 478.8 | I66: =IF(ISNUMBER(FIND(" ± ", 'results new format'!I66)), LEFT('results new format'!I66, FIND(" ± ", 'results new format'!I66) - 2), 'results new format'!I66) -> 159.8 | J66: =IF(ISNUMBER(FIND(" ± ", 'results new format'!J66)), LEFT('results new format'!J66, FIND(" ± ", 'results new format'!J66) - 2), 'results new format'!J66) -> 96
D67: colorballs-11-2 | E67: =IF(ISNUMBER(FIND(" ± ", 'results new format'!E67)), LEFT('results new format'!E67, FIND(" ± ", 'results new format'!E67) - 2), 'results new format'!E67) -> 956.6 | F67: =IF(ISNUMBER(FIND(" ± ", 'results new format'!F67)), LEFT('results new format'!F67, FIND(" ± ", 'results new format'!F67) - 2), 'results new format'!F67) -> 312.8 | G67: =IF(ISNUMBER(FIND(" ± ", 'results new format'!G67)), LEFT('results new format'!G67, FIND(" ± ", 'results new format'!G67) - 2), 'results new format'!G67) -> 96 | H67: =IF(ISNUMBER(FIND(" ± ", 'results new format'!H67)), LEFT('results new format'!H67, FIND(" ± ", 'results new format'!H67) - 2), 'results new format'!H67) -> 863.7 | I67: =IF(ISNUMBER(FIND(" ± ", 'results new format'!I67)), LEFT('results new format'!I67, FIND(" ± ", 'results new format'!I67) - 2), 'results new format'!I67) -> 252.1 | J67: =IF(ISNUMBER(FIND(" ± ", 'results new format'!J67)), LEFT('results new format'!J67, FIND(" ± ", 'results new format'!J67) - 2), 'results new format'!J67) -> 78
D68: cloghuge | E68: =IF(ISNUMBER(FIND(" ± ", 'results new format'!E68)), LEFT('results new format'!E68, FIND(" ± ", 'results new format'!E68) - 2), 'results new format'!E68) -> 60.2 | F68: =IF(ISNUMBER(FIND(" ± ", 'results new format'!F68)), LEFT('results new format'!F68, FIND(" ± ", 'results new format'!F68) - 2), 'results new format'!F68) -> 5.6 | G68: =IF(ISNUMBER(FIND(" ± ", 'results new format'!G68)), LEFT('results new format'!G68, FIND(" ± ", 'results new format'!G68) - 2), 'results new format'!G68) -> 94 | H68: =IF(ISNUMBER(FIND(" ± ", 'results new format'!H68)), LEFT('results new format'!H68, FIND(" ± ", 'results new format'!H68) - 2), 'results new format'!H68) -> 56.8 | I68: =IF(ISNUMBER(FIND(" ± ", 'results new format'!I68)), LEFT('results new format'!I68, FIND(" ± ", 'results new format'!I68) - 2), 'results new format'!I68) -> 2.8 | J68: =IF(ISNUMBER(FIND(" ± ", 'results new format'!J68)), LEFT('results new format'!J68, FIND(" ± ", 'results new format'!J68) - 2), 'results new format'!J68) -> 12
D69: blocks7 | E69: =IF(ISNUMBER(FIND(" ± ", 'results new format'!E69)), LEFT('results new format'!E69, FIND(" ± ", 'results new format'!E69) - 2), 'results new format'!E69) -> 10.6 | F69: =IF(ISNUMBER(FIND(" ± ", 'results new format'!F69)), LEFT('results new format'!F69, FIND(" ± ", 'results new format'!F69) - 2), 'results new format'!F69) -> 2.4 | G69: =IF(ISNUMBER(FIND(" ± ", 'results new format'!G69)), LEFT('results new format'!G69, FIND(" ± ", 'results new format'!G69) - 2), 'results new format'!G69) -> 96 | H69: =IF(ISNUMBER(FIND(" ± ", 'results new format'!H69)), LEFT('results new format'!H69, FIND(" ± ", 'results new format'!H69) - 2), 'results new format'!H69) -> 10.6 | I69: =IF(ISNUMBER(FIND(" ± ", 'results new format'!I69)), LEFT('results new format'!I69, FIND(" ± ", 'results new format'!I69) - 2), 'results new format'!I69) -> 2.4 | J69: =IF(ISNUMBER(FIND(" ± ", 'results new format'!J69)), LEFT('results new format'!J69, FIND(" ± ", 'results new format'!J69) - 2), 'results new format'!J69) -> 96
D70: unix2 | E70: =IF(ISNUMBER(FIND(" ± ", 'results new format'!E70)), LEFT('results new format'!E70, FIND(" ± ", 'results new format'!E70) - 2), 'results new format'!E70) -> 36.4 | F70: =IF(ISNUMBER(FIND(" ± ", 'results new format'!F70)), LEFT('results new format'!F70, FIND(" ± ", 'results new format'!F70) - 2), 'results new format'!F70) -> 0.3 | G70: =IF(ISNUMBER(FIND(" ± ", 'results new format'!G70)), LEFT('results new format'!G70, FIND(" ± ", 'results new format'!G70) - 2), 'results new format'!G70) -> 94 | H70: =IF(ISNUMBER(FIND(" ± ", 'results new format'!H70)), LEFT('results new format'!H70, FIND(" ± ", 'results new format'!H70) - 2), 'results new format'!H70) -> 36.8 | I70: =IF(ISNUMBER(FIND(" ± ", 'results new format'!I70)), LEFT('results new format'!I70, FIND(" ± ", 'results new format'!I70) - 2), 'results new format'!I70) -> 0.3 | J70: =IF(ISNUMBER(FIND(" ± ", 'results new format'!J70)), LEFT('results new format'!J70, FIND(" ± ", 'results new format'!J70) - 2), 'results new format'!J70) -> 94
D71: unix3 | E71: =IF(ISNUMBER(FIND(" ± ", 'results new format'!E71)), LEFT('results new format'!E71, FIND(" ± ", 'results new format'!E71) - 2), 'results new format'!E71) -> 93.6 | F71: =IF(ISNUMBER(FIND(" ± ", 'results new format'!F71)), LEFT('results new format'!F71, FIND(" ± ", 'results new format'!F71) - 2), 'results new format'!F71) -> 2.7 | G71: =IF(ISNUMBER(FIND(" ± ", 'results new format'!G71)), LEFT('results new format'!G71, FIND(" ± ", 'results new format'!G71) - 2), 'results new format'!G71) -> 88 | H71: =IF(ISNUMBER(FIND(" ± ", 'results new format'!H71)), LEFT('results new format'!H71, FIND(" ± ", 'results new format'!H71) - 2), 'results new format'!H71) -> 83.1 | I71: =IF(ISNUMBER(FIND(" ± ", 'results new format'!I71)), LEFT('results new format'!I71, FIND(" ± ", 'results new format'!I71) - 2), 'results new format'!I71) -> 1.8 | J71: =IF(ISNUMBER(FIND(" ± ", 'results new format'!J71)), LEFT('results new format'!J71, FIND(" ± ", 'results new format'!J71) - 2), 'results new format'!J71) -> 88
D72: wumpus10 | E72: =IF(ISNUMBER(FIND(" ± ", 'results new format'!E72)), LEFT('results new format'!E72, FIND(" ± ", 'results new format'!E72) - 2), 'results new format'!E72) -> 45.1 | F72: =IF(ISNUMBER(FIND(" ± ", 'results new format'!F72)), LEFT('results new format'!F72, FIND(" ± ", 'results new format'!F72) - 2), 'results new format'!F72) -> 3.6 | G72: =IF(ISNUMBER(FIND(" ± ", 'results new format'!G72)), LEFT('results new format'!G72, FIND(" ± ", 'results new format'!G72) - 2), 'results new format'!G72) -> 100 | H72: =IF(ISNUMBER(FIND(" ± ", 'results new format'!H72)), LEFT('results new format'!H72, FIND(" ± ", 'results new format'!H72) - 2), 'results new format'!H72) -> 47.8 | I72: =IF(ISNUMBER(FIND(" ± ", 'results new format'!I72)), LEFT('results new format'!I72, FIND(" ± ", 'results new format'!I72) - 2), 'results new format'!I72) -> 12.0 | J72: =IF(ISNUMBER(FIND(" ± ", 'results new format'!J72)), LEFT('results new format'!J72, FIND(" ± ", 'results new format'!J72) - 2), 'results new format'!J72) -> 90
D73: wumpus15 | E73: =IF(ISNUMBER(FIND(" ± ", 'results new format'!E73)), LEFT('results new format'!E73, FIND(" ± ", 'results new format'!E73) - 2), 'results new format'!E73) -> 64.2 | F73: =IF(ISNUMBER(FIND(" ± ", 'results new format'!F73)), LEFT('results new format'!F73, FIND(" ± ", 'results new format'!F73) - 2), 'results new format'!F73) -> 25.5 | G73: =IF(ISNUMBER(FIND(" ± ", 'results new format'!G73)), LEFT('results new format'!G73, FIND(" ± ", 'results new format'!G73) - 2), 'results new format'!G73) -> 100 | H73: =IF(ISNUMBER(FIND(" ± ", 'results new format'!H73)), LEFT('results new format'!H73, FIND(" ± ", 'results new format'!H73) - 2), 'results new format'!H73) -> 66.2 | I73: =IF(ISNUMBER(FIND(" ± ", 'results new format'!I73)), LEFT('results new format'!I73, FIND(" ± ", 'results new format'!I73) - 2), 'results new format'!I73) -> 42.3 | J73: =IF(ISNUMBER(FIND(" ± ", 'results new format'!J73)), LEFT('results new format'!J73, FIND(" ± ", 'results new format'!J73) - 2), 'results new format'!J73) -> 90
